"","LTER_site","local_site","location","project_site","shore","date","taxa","count"
"1","NWT","GL1","LAKE","GL1_1E","EAST",2018-06-28,"Trichoptera_apataniidae_apatania",3
"2","NWT","GL1","LAKE","GL1_2E","EAST",2018-06-28,"Trichoptera_apataniidae_apatania",1
"3","NWT","GL1","LAKE","GL1_3E","EAST",2018-06-28,"Trichoptera_apataniidae_apatania",1
"4","NWT","GL1","LAKE","GL1_4E","EAST",2018-06-28,"Trichoptera_apataniidae_apatania",7
"5","NWT","GL1","LAKE","GL1_5W","WEST",2018-06-28,"Trichoptera_apataniidae_apatania",2
"6","NWT","GL1","LAKE","GL1_6W","WEST",2018-06-28,"Trichoptera_apataniidae_apatania",4
"7","NWT","GL1","LAKE","GL1_7W","WEST",2018-06-28,"Trichoptera_apataniidae_apatania",1
"8","NWT","GL4","LAKE","GL4_1E","EAST",2018-07-03,"Trichoptera_apataniidae_apatania",4
"9","NWT","GL4","LAKE","GL4_2E","EAST",2018-07-03,"Trichoptera_apataniidae_apatania",0
"10","NWT","GL4","INLET","GL4_3IN","NaN",2018-07-03,"Trichoptera_apataniidae_apatania",1
"11","NWT","GL4","LAKE","GL4_4W","WEST",2018-07-03,"Trichoptera_apataniidae_apatania",3
"12","NWT","GL4","LAKE","GL4_5W","WEST",2018-07-03,"Trichoptera_apataniidae_apatania",0
"13","NWT","GL4","OUTLET","GL4_6OUT","NaN",2018-07-03,"Trichoptera_apataniidae_apatania",0
"14","NWT","ALB","LAKE","ALB_1W","WEST",2018-07-05,"Trichoptera_apataniidae_apatania",0
"15","NWT","ALB","LAKE","ALB_2W","WEST",2018-07-05,"Trichoptera_apataniidae_apatania",0
"16","NWT","ALB","LAKE","ALB_3E","EAST",2018-07-05,"Trichoptera_apataniidae_apatania",0
"17","NWT","ALB","LAKE","ALB_4E","EAST",2018-07-05,"Trichoptera_apataniidae_apatania",0
"18","NWT","ALB","INLET","ALB_5IN","NaN",2018-07-05,"Trichoptera_apataniidae_apatania",0
"19","NWT","GL1","LAKE","GL1_2E","EAST",2018-07-12,"Trichoptera_apataniidae_apatania",0
"20","NWT","GL1","LAKE","GL1_3E","EAST",2018-07-12,"Trichoptera_apataniidae_apatania",1
"21","NWT","GL1","LAKE","GL1_5W","WEST",2018-07-12,"Trichoptera_apataniidae_apatania",0
"22","NWT","GL1","LAKE","GL1_7W","WEST",2018-07-12,"Trichoptera_apataniidae_apatania",2
"23","NWT","GL4","LAKE","GL4_1E","EAST",2018-07-17,"Trichoptera_apataniidae_apatania",2
"24","NWT","GL4","LAKE","GL4_2E","EAST",2018-07-17,"Trichoptera_apataniidae_apatania",2
"25","NWT","GL4","INLET","GL4_3IN","NaN",2018-07-17,"Trichoptera_apataniidae_apatania",0
"26","NWT","GL4","LAKE","GL4_4W","WEST",2018-07-17,"Trichoptera_apataniidae_apatania",1
"27","NWT","GL4","LAKE","GL4_5W","WEST",2018-07-17,"Trichoptera_apataniidae_apatania",1
"28","NWT","GL4","OUTLET","GL4_6OUT","NaN",2018-07-17,"Trichoptera_apataniidae_apatania",1
"29","NWT","ALB","LAKE","ALB_1W","WEST",2018-07-19,"Trichoptera_apataniidae_apatania",0
"30","NWT","ALB","LAKE","ALB_2W","WEST",2018-07-19,"Trichoptera_apataniidae_apatania",0
"31","NWT","ALB","LAKE","ALB_3E","EAST",2018-07-19,"Trichoptera_apataniidae_apatania",0
"32","NWT","ALB","LAKE","ALB_4E","EAST",2018-07-19,"Trichoptera_apataniidae_apatania",0
"33","NWT","ALB","INLET","ALB_5IN","NaN",2018-07-19,"Trichoptera_apataniidae_apatania",0
"34","NWT","GL5","LAKE","GL5_1W","WEST",2018-07-31,"Trichoptera_apataniidae_apatania",0
"35","NWT","GL5","LAKE","GL5_2E","EAST",2018-07-31,"Trichoptera_apataniidae_apatania",1
"36","NWT","GL5","INLET","GL5_3IN","NaN",2018-07-31,"Trichoptera_apataniidae_apatania",1
"37","NWT","GL5","OUTLET","GL5_4OUT","NaN",2018-07-31,"Trichoptera_apataniidae_apatania",1
"38","NWT","ALB","LAKE","ALB_1W","WEST",2018-08-02,"Trichoptera_apataniidae_apatania",0
"39","NWT","ALB","LAKE","ALB_2W","WEST",2018-08-02,"Trichoptera_apataniidae_apatania",0
"40","NWT","ALB","LAKE","ALB_3E","EAST",2018-08-02,"Trichoptera_apataniidae_apatania",0
"41","NWT","ALB","LAKE","ALB_4E","EAST",2018-08-02,"Trichoptera_apataniidae_apatania",0
"42","NWT","ALB","INLET","ALB_5IN","NaN",2018-08-02,"Trichoptera_apataniidae_apatania",0
"43","NWT","GL4","LAKE","GL4_1E","EAST",2018-08-07,"Trichoptera_apataniidae_apatania",7
"44","NWT","GL4","LAKE","GL4_2E","EAST",2018-08-07,"Trichoptera_apataniidae_apatania",15
"45","NWT","GL4","INLET","GL4_3IN","NaN",2018-08-07,"Trichoptera_apataniidae_apatania",7
"46","NWT","GL4","LAKE","GL4_4W","WEST",2018-08-07,"Trichoptera_apataniidae_apatania",11
"47","NWT","GL4","LAKE","GL4_5W","WEST",2018-08-07,"Trichoptera_apataniidae_apatania",124
"48","NWT","GL4","OUTLET","GL4_6OUT","NaN",2018-08-07,"Trichoptera_apataniidae_apatania",2
"49","NWT","GL1","LAKE","GL1_2E","EAST",2018-08-09,"Trichoptera_apataniidae_apatania",0
"50","NWT","GL1","LAKE","GL1_3E","EAST",2018-08-09,"Trichoptera_apataniidae_apatania",4
"51","NWT","GL1","LAKE","GL1_5W","WEST",2018-08-09,"Trichoptera_apataniidae_apatania",15
"52","NWT","GL1","LAKE","GL1_7W","WEST",2018-08-09,"Trichoptera_apataniidae_apatania",7
"53","NWT","GL4","WATERFALL","GL4_waterfall_high","NaN",2018-08-07,"Trichoptera_apataniidae_apatania",0
"54","NWT","GL4","WATERFALL","GL4_waterfall_low","NaN",2018-08-07,"Trichoptera_apataniidae_apatania",0
"55","NWT","ALB_creek","CREEK","ALB_creek_aboveroad","NaN",2018-08-09,"Trichoptera_apataniidae_apatania",0
"56","NWT","ALB_creek","CREEK","ALB_creek_aboveroad","NaN",2018-08-09,"Trichoptera_apataniidae_apatania",0
"57","NWT","GL4","LAKE","GL4_1E","EAST",2018-08-21,"Trichoptera_apataniidae_apatania",68
"58","NWT","GL4","INLET","GL4_3IN","NaN",2018-08-21,"Trichoptera_apataniidae_apatania",5
"59","NWT","GL4","LAKE","GL4_5W","WEST",2018-08-21,"Trichoptera_apataniidae_apatania",22
"60","NWT","GL4","OUTLET","GL4_6OUT","NaN",2018-08-21,"Trichoptera_apataniidae_apatania",0
"61","NWT","GL4","LAKE","GL4_2E","EAST",2018-08-23,"Trichoptera_apataniidae_apatania",62
"62","NWT","GL4","LAKE","GL4_4W","WEST",2018-08-23,"Trichoptera_apataniidae_apatania",5
"63","NWT","GL4","WATERFALL","GL4_waterfall_high","NaN",2018-08-23,"Trichoptera_apataniidae_apatania",0
"64","NWT","GL4","WATERFALL","GL4_waterfall_low","NaN",2018-08-23,"Trichoptera_apataniidae_apatania",0
"65","NWT","GL1","LAKE","GL1_1E","EAST",2018-06-28,"Trichoptera_rhyacophilidae_rhyacophila",0
"66","NWT","GL1","LAKE","GL1_2E","EAST",2018-06-28,"Trichoptera_rhyacophilidae_rhyacophila",0
"67","NWT","GL1","LAKE","GL1_3E","EAST",2018-06-28,"Trichoptera_rhyacophilidae_rhyacophila",0
"68","NWT","GL1","LAKE","GL1_4E","EAST",2018-06-28,"Trichoptera_rhyacophilidae_rhyacophila",0
"69","NWT","GL1","LAKE","GL1_5W","WEST",2018-06-28,"Trichoptera_rhyacophilidae_rhyacophila",0
"70","NWT","GL1","LAKE","GL1_6W","WEST",2018-06-28,"Trichoptera_rhyacophilidae_rhyacophila",0
"71","NWT","GL1","LAKE","GL1_7W","WEST",2018-06-28,"Trichoptera_rhyacophilidae_rhyacophila",0
"72","NWT","GL4","LAKE","GL4_1E","EAST",2018-07-03,"Trichoptera_rhyacophilidae_rhyacophila",0
"73","NWT","GL4","LAKE","GL4_2E","EAST",2018-07-03,"Trichoptera_rhyacophilidae_rhyacophila",0
"74","NWT","GL4","INLET","GL4_3IN","NaN",2018-07-03,"Trichoptera_rhyacophilidae_rhyacophila",0
"75","NWT","GL4","LAKE","GL4_4W","WEST",2018-07-03,"Trichoptera_rhyacophilidae_rhyacophila",0
"76","NWT","GL4","LAKE","GL4_5W","WEST",2018-07-03,"Trichoptera_rhyacophilidae_rhyacophila",0
"77","NWT","GL4","OUTLET","GL4_6OUT","NaN",2018-07-03,"Trichoptera_rhyacophilidae_rhyacophila",0
"78","NWT","ALB","LAKE","ALB_1W","WEST",2018-07-05,"Trichoptera_rhyacophilidae_rhyacophila",0
"79","NWT","ALB","LAKE","ALB_2W","WEST",2018-07-05,"Trichoptera_rhyacophilidae_rhyacophila",0
"80","NWT","ALB","LAKE","ALB_3E","EAST",2018-07-05,"Trichoptera_rhyacophilidae_rhyacophila",0
"81","NWT","ALB","LAKE","ALB_4E","EAST",2018-07-05,"Trichoptera_rhyacophilidae_rhyacophila",0
"82","NWT","ALB","INLET","ALB_5IN","NaN",2018-07-05,"Trichoptera_rhyacophilidae_rhyacophila",0
"83","NWT","GL1","LAKE","GL1_2E","EAST",2018-07-12,"Trichoptera_rhyacophilidae_rhyacophila",0
"84","NWT","GL1","LAKE","GL1_3E","EAST",2018-07-12,"Trichoptera_rhyacophilidae_rhyacophila",0
"85","NWT","GL1","LAKE","GL1_5W","WEST",2018-07-12,"Trichoptera_rhyacophilidae_rhyacophila",0
"86","NWT","GL1","LAKE","GL1_7W","WEST",2018-07-12,"Trichoptera_rhyacophilidae_rhyacophila",0
"87","NWT","GL4","LAKE","GL4_1E","EAST",2018-07-17,"Trichoptera_rhyacophilidae_rhyacophila",0
"88","NWT","GL4","LAKE","GL4_2E","EAST",2018-07-17,"Trichoptera_rhyacophilidae_rhyacophila",0
"89","NWT","GL4","INLET","GL4_3IN","NaN",2018-07-17,"Trichoptera_rhyacophilidae_rhyacophila",0
"90","NWT","GL4","LAKE","GL4_4W","WEST",2018-07-17,"Trichoptera_rhyacophilidae_rhyacophila",0
"91","NWT","GL4","LAKE","GL4_5W","WEST",2018-07-17,"Trichoptera_rhyacophilidae_rhyacophila",0
"92","NWT","GL4","OUTLET","GL4_6OUT","NaN",2018-07-17,"Trichoptera_rhyacophilidae_rhyacophila",0
"93","NWT","ALB","LAKE","ALB_1W","WEST",2018-07-19,"Trichoptera_rhyacophilidae_rhyacophila",0
"94","NWT","ALB","LAKE","ALB_2W","WEST",2018-07-19,"Trichoptera_rhyacophilidae_rhyacophila",0
"95","NWT","ALB","LAKE","ALB_3E","EAST",2018-07-19,"Trichoptera_rhyacophilidae_rhyacophila",0
"96","NWT","ALB","LAKE","ALB_4E","EAST",2018-07-19,"Trichoptera_rhyacophilidae_rhyacophila",0
"97","NWT","ALB","INLET","ALB_5IN","NaN",2018-07-19,"Trichoptera_rhyacophilidae_rhyacophila",0
"98","NWT","GL5","LAKE","GL5_1W","WEST",2018-07-31,"Trichoptera_rhyacophilidae_rhyacophila",0
"99","NWT","GL5","LAKE","GL5_2E","EAST",2018-07-31,"Trichoptera_rhyacophilidae_rhyacophila",0
"100","NWT","GL5","INLET","GL5_3IN","NaN",2018-07-31,"Trichoptera_rhyacophilidae_rhyacophila",0
"101","NWT","GL5","OUTLET","GL5_4OUT","NaN",2018-07-31,"Trichoptera_rhyacophilidae_rhyacophila",0
"102","NWT","ALB","LAKE","ALB_1W","WEST",2018-08-02,"Trichoptera_rhyacophilidae_rhyacophila",0
"103","NWT","ALB","LAKE","ALB_2W","WEST",2018-08-02,"Trichoptera_rhyacophilidae_rhyacophila",0
"104","NWT","ALB","LAKE","ALB_3E","EAST",2018-08-02,"Trichoptera_rhyacophilidae_rhyacophila",0
"105","NWT","ALB","LAKE","ALB_4E","EAST",2018-08-02,"Trichoptera_rhyacophilidae_rhyacophila",0
"106","NWT","ALB","INLET","ALB_5IN","NaN",2018-08-02,"Trichoptera_rhyacophilidae_rhyacophila",0
"107","NWT","GL4","LAKE","GL4_1E","EAST",2018-08-07,"Trichoptera_rhyacophilidae_rhyacophila",0
"108","NWT","GL4","LAKE","GL4_2E","EAST",2018-08-07,"Trichoptera_rhyacophilidae_rhyacophila",0
"109","NWT","GL4","INLET","GL4_3IN","NaN",2018-08-07,"Trichoptera_rhyacophilidae_rhyacophila",0
"110","NWT","GL4","LAKE","GL4_4W","WEST",2018-08-07,"Trichoptera_rhyacophilidae_rhyacophila",0
"111","NWT","GL4","LAKE","GL4_5W","WEST",2018-08-07,"Trichoptera_rhyacophilidae_rhyacophila",0
"112","NWT","GL4","OUTLET","GL4_6OUT","NaN",2018-08-07,"Trichoptera_rhyacophilidae_rhyacophila",0
"113","NWT","GL1","LAKE","GL1_2E","EAST",2018-08-09,"Trichoptera_rhyacophilidae_rhyacophila",0
"114","NWT","GL1","LAKE","GL1_3E","EAST",2018-08-09,"Trichoptera_rhyacophilidae_rhyacophila",0
"115","NWT","GL1","LAKE","GL1_5W","WEST",2018-08-09,"Trichoptera_rhyacophilidae_rhyacophila",0
"116","NWT","GL1","LAKE","GL1_7W","WEST",2018-08-09,"Trichoptera_rhyacophilidae_rhyacophila",0
"117","NWT","GL4","WATERFALL","GL4_waterfall_high","NaN",2018-08-07,"Trichoptera_rhyacophilidae_rhyacophila",0
"118","NWT","GL4","WATERFALL","GL4_waterfall_low","NaN",2018-08-07,"Trichoptera_rhyacophilidae_rhyacophila",1
"119","NWT","ALB_creek","CREEK","ALB_creek_aboveroad","NaN",2018-08-09,"Trichoptera_rhyacophilidae_rhyacophila",7
"120","NWT","ALB_creek","CREEK","ALB_creek_aboveroad","NaN",2018-08-09,"Trichoptera_rhyacophilidae_rhyacophila",8
"121","NWT","GL4","LAKE","GL4_1E","EAST",2018-08-21,"Trichoptera_rhyacophilidae_rhyacophila",0
"122","NWT","GL4","INLET","GL4_3IN","NaN",2018-08-21,"Trichoptera_rhyacophilidae_rhyacophila",0
"123","NWT","GL4","LAKE","GL4_5W","WEST",2018-08-21,"Trichoptera_rhyacophilidae_rhyacophila",0
"124","NWT","GL4","OUTLET","GL4_6OUT","NaN",2018-08-21,"Trichoptera_rhyacophilidae_rhyacophila",0
"125","NWT","GL4","LAKE","GL4_2E","EAST",2018-08-23,"Trichoptera_rhyacophilidae_rhyacophila",0
"126","NWT","GL4","LAKE","GL4_4W","WEST",2018-08-23,"Trichoptera_rhyacophilidae_rhyacophila",0
"127","NWT","GL4","WATERFALL","GL4_waterfall_high","NaN",2018-08-23,"Trichoptera_rhyacophilidae_rhyacophila",0
"128","NWT","GL4","WATERFALL","GL4_waterfall_low","NaN",2018-08-23,"Trichoptera_rhyacophilidae_rhyacophila",0
"129","NWT","GL1","LAKE","GL1_1E","EAST",2018-06-28,"Trichoptera_glossomatidae",0
"130","NWT","GL1","LAKE","GL1_2E","EAST",2018-06-28,"Trichoptera_glossomatidae",0
"131","NWT","GL1","LAKE","GL1_3E","EAST",2018-06-28,"Trichoptera_glossomatidae",0
"132","NWT","GL1","LAKE","GL1_4E","EAST",2018-06-28,"Trichoptera_glossomatidae",0
"133","NWT","GL1","LAKE","GL1_5W","WEST",2018-06-28,"Trichoptera_glossomatidae",0
"134","NWT","GL1","LAKE","GL1_6W","WEST",2018-06-28,"Trichoptera_glossomatidae",0
"135","NWT","GL1","LAKE","GL1_7W","WEST",2018-06-28,"Trichoptera_glossomatidae",0
"136","NWT","GL4","LAKE","GL4_1E","EAST",2018-07-03,"Trichoptera_glossomatidae",0
"137","NWT","GL4","LAKE","GL4_2E","EAST",2018-07-03,"Trichoptera_glossomatidae",0
"138","NWT","GL4","INLET","GL4_3IN","NaN",2018-07-03,"Trichoptera_glossomatidae",0
"139","NWT","GL4","LAKE","GL4_4W","WEST",2018-07-03,"Trichoptera_glossomatidae",0
"140","NWT","GL4","LAKE","GL4_5W","WEST",2018-07-03,"Trichoptera_glossomatidae",0
"141","NWT","GL4","OUTLET","GL4_6OUT","NaN",2018-07-03,"Trichoptera_glossomatidae",0
"142","NWT","ALB","LAKE","ALB_1W","WEST",2018-07-05,"Trichoptera_glossomatidae",0
"143","NWT","ALB","LAKE","ALB_2W","WEST",2018-07-05,"Trichoptera_glossomatidae",0
"144","NWT","ALB","LAKE","ALB_3E","EAST",2018-07-05,"Trichoptera_glossomatidae",0
"145","NWT","ALB","LAKE","ALB_4E","EAST",2018-07-05,"Trichoptera_glossomatidae",0
"146","NWT","ALB","INLET","ALB_5IN","NaN",2018-07-05,"Trichoptera_glossomatidae",0
"147","NWT","GL1","LAKE","GL1_2E","EAST",2018-07-12,"Trichoptera_glossomatidae",0
"148","NWT","GL1","LAKE","GL1_3E","EAST",2018-07-12,"Trichoptera_glossomatidae",0
"149","NWT","GL1","LAKE","GL1_5W","WEST",2018-07-12,"Trichoptera_glossomatidae",0
"150","NWT","GL1","LAKE","GL1_7W","WEST",2018-07-12,"Trichoptera_glossomatidae",0
"151","NWT","GL4","LAKE","GL4_1E","EAST",2018-07-17,"Trichoptera_glossomatidae",0
"152","NWT","GL4","LAKE","GL4_2E","EAST",2018-07-17,"Trichoptera_glossomatidae",0
"153","NWT","GL4","INLET","GL4_3IN","NaN",2018-07-17,"Trichoptera_glossomatidae",0
"154","NWT","GL4","LAKE","GL4_4W","WEST",2018-07-17,"Trichoptera_glossomatidae",0
"155","NWT","GL4","LAKE","GL4_5W","WEST",2018-07-17,"Trichoptera_glossomatidae",0
"156","NWT","GL4","OUTLET","GL4_6OUT","NaN",2018-07-17,"Trichoptera_glossomatidae",0
"157","NWT","ALB","LAKE","ALB_1W","WEST",2018-07-19,"Trichoptera_glossomatidae",0
"158","NWT","ALB","LAKE","ALB_2W","WEST",2018-07-19,"Trichoptera_glossomatidae",0
"159","NWT","ALB","LAKE","ALB_3E","EAST",2018-07-19,"Trichoptera_glossomatidae",0
"160","NWT","ALB","LAKE","ALB_4E","EAST",2018-07-19,"Trichoptera_glossomatidae",0
"161","NWT","ALB","INLET","ALB_5IN","NaN",2018-07-19,"Trichoptera_glossomatidae",0
"162","NWT","GL5","LAKE","GL5_1W","WEST",2018-07-31,"Trichoptera_glossomatidae",0
"163","NWT","GL5","LAKE","GL5_2E","EAST",2018-07-31,"Trichoptera_glossomatidae",0
"164","NWT","GL5","INLET","GL5_3IN","NaN",2018-07-31,"Trichoptera_glossomatidae",0
"165","NWT","GL5","OUTLET","GL5_4OUT","NaN",2018-07-31,"Trichoptera_glossomatidae",0
"166","NWT","ALB","LAKE","ALB_1W","WEST",2018-08-02,"Trichoptera_glossomatidae",0
"167","NWT","ALB","LAKE","ALB_2W","WEST",2018-08-02,"Trichoptera_glossomatidae",0
"168","NWT","ALB","LAKE","ALB_3E","EAST",2018-08-02,"Trichoptera_glossomatidae",0
"169","NWT","ALB","LAKE","ALB_4E","EAST",2018-08-02,"Trichoptera_glossomatidae",0
"170","NWT","ALB","INLET","ALB_5IN","NaN",2018-08-02,"Trichoptera_glossomatidae",0
"171","NWT","GL4","LAKE","GL4_1E","EAST",2018-08-07,"Trichoptera_glossomatidae",0
"172","NWT","GL4","LAKE","GL4_2E","EAST",2018-08-07,"Trichoptera_glossomatidae",0
"173","NWT","GL4","INLET","GL4_3IN","NaN",2018-08-07,"Trichoptera_glossomatidae",0
"174","NWT","GL4","LAKE","GL4_4W","WEST",2018-08-07,"Trichoptera_glossomatidae",0
"175","NWT","GL4","LAKE","GL4_5W","WEST",2018-08-07,"Trichoptera_glossomatidae",0
"176","NWT","GL4","OUTLET","GL4_6OUT","NaN",2018-08-07,"Trichoptera_glossomatidae",0
"177","NWT","GL1","LAKE","GL1_2E","EAST",2018-08-09,"Trichoptera_glossomatidae",0
"178","NWT","GL1","LAKE","GL1_3E","EAST",2018-08-09,"Trichoptera_glossomatidae",0
"179","NWT","GL1","LAKE","GL1_5W","WEST",2018-08-09,"Trichoptera_glossomatidae",0
"180","NWT","GL1","LAKE","GL1_7W","WEST",2018-08-09,"Trichoptera_glossomatidae",0
"181","NWT","GL4","WATERFALL","GL4_waterfall_high","NaN",2018-08-07,"Trichoptera_glossomatidae",3
"182","NWT","GL4","WATERFALL","GL4_waterfall_low","NaN",2018-08-07,"Trichoptera_glossomatidae",0
"183","NWT","ALB_creek","CREEK","ALB_creek_aboveroad","NaN",2018-08-09,"Trichoptera_glossomatidae",0
"184","NWT","ALB_creek","CREEK","ALB_creek_aboveroad","NaN",2018-08-09,"Trichoptera_glossomatidae",0
"185","NWT","GL4","LAKE","GL4_1E","EAST",2018-08-21,"Trichoptera_glossomatidae",0
"186","NWT","GL4","INLET","GL4_3IN","NaN",2018-08-21,"Trichoptera_glossomatidae",0
"187","NWT","GL4","LAKE","GL4_5W","WEST",2018-08-21,"Trichoptera_glossomatidae",0
"188","NWT","GL4","OUTLET","GL4_6OUT","NaN",2018-08-21,"Trichoptera_glossomatidae",0
"189","NWT","GL4","LAKE","GL4_2E","EAST",2018-08-23,"Trichoptera_glossomatidae",0
"190","NWT","GL4","LAKE","GL4_4W","WEST",2018-08-23,"Trichoptera_glossomatidae",0
"191","NWT","GL4","WATERFALL","GL4_waterfall_high","NaN",2018-08-23,"Trichoptera_glossomatidae",0
"192","NWT","GL4","WATERFALL","GL4_waterfall_low","NaN",2018-08-23,"Trichoptera_glossomatidae",0
"193","NWT","GL1","LAKE","GL1_1E","EAST",2018-06-28,"Trichoptera_leptoceridae",0
"194","NWT","GL1","LAKE","GL1_2E","EAST",2018-06-28,"Trichoptera_leptoceridae",13
"195","NWT","GL1","LAKE","GL1_3E","EAST",2018-06-28,"Trichoptera_leptoceridae",0
"196","NWT","GL1","LAKE","GL1_4E","EAST",2018-06-28,"Trichoptera_leptoceridae",0
"197","NWT","GL1","LAKE","GL1_5W","WEST",2018-06-28,"Trichoptera_leptoceridae",0
"198","NWT","GL1","LAKE","GL1_6W","WEST",2018-06-28,"Trichoptera_leptoceridae",0
"199","NWT","GL1","LAKE","GL1_7W","WEST",2018-06-28,"Trichoptera_leptoceridae",1
"200","NWT","GL4","LAKE","GL4_1E","EAST",2018-07-03,"Trichoptera_leptoceridae",0
"201","NWT","GL4","LAKE","GL4_2E","EAST",2018-07-03,"Trichoptera_leptoceridae",0
"202","NWT","GL4","INLET","GL4_3IN","NaN",2018-07-03,"Trichoptera_leptoceridae",0
"203","NWT","GL4","LAKE","GL4_4W","WEST",2018-07-03,"Trichoptera_leptoceridae",1
"204","NWT","GL4","LAKE","GL4_5W","WEST",2018-07-03,"Trichoptera_leptoceridae",0
"205","NWT","GL4","OUTLET","GL4_6OUT","NaN",2018-07-03,"Trichoptera_leptoceridae",0
"206","NWT","ALB","LAKE","ALB_1W","WEST",2018-07-05,"Trichoptera_leptoceridae",0
"207","NWT","ALB","LAKE","ALB_2W","WEST",2018-07-05,"Trichoptera_leptoceridae",0
"208","NWT","ALB","LAKE","ALB_3E","EAST",2018-07-05,"Trichoptera_leptoceridae",0
"209","NWT","ALB","LAKE","ALB_4E","EAST",2018-07-05,"Trichoptera_leptoceridae",0
"210","NWT","ALB","INLET","ALB_5IN","NaN",2018-07-05,"Trichoptera_leptoceridae",3
"211","NWT","GL1","LAKE","GL1_2E","EAST",2018-07-12,"Trichoptera_leptoceridae",1
"212","NWT","GL1","LAKE","GL1_3E","EAST",2018-07-12,"Trichoptera_leptoceridae",0
"213","NWT","GL1","LAKE","GL1_5W","WEST",2018-07-12,"Trichoptera_leptoceridae",0
"214","NWT","GL1","LAKE","GL1_7W","WEST",2018-07-12,"Trichoptera_leptoceridae",1
"215","NWT","GL4","LAKE","GL4_1E","EAST",2018-07-17,"Trichoptera_leptoceridae",0
"216","NWT","GL4","LAKE","GL4_2E","EAST",2018-07-17,"Trichoptera_leptoceridae",0
"217","NWT","GL4","INLET","GL4_3IN","NaN",2018-07-17,"Trichoptera_leptoceridae",0
"218","NWT","GL4","LAKE","GL4_4W","WEST",2018-07-17,"Trichoptera_leptoceridae",0
"219","NWT","GL4","LAKE","GL4_5W","WEST",2018-07-17,"Trichoptera_leptoceridae",0
"220","NWT","GL4","OUTLET","GL4_6OUT","NaN",2018-07-17,"Trichoptera_leptoceridae",0
"221","NWT","ALB","LAKE","ALB_1W","WEST",2018-07-19,"Trichoptera_leptoceridae",0
"222","NWT","ALB","LAKE","ALB_2W","WEST",2018-07-19,"Trichoptera_leptoceridae",0
"223","NWT","ALB","LAKE","ALB_3E","EAST",2018-07-19,"Trichoptera_leptoceridae",0
"224","NWT","ALB","LAKE","ALB_4E","EAST",2018-07-19,"Trichoptera_leptoceridae",0
"225","NWT","ALB","INLET","ALB_5IN","NaN",2018-07-19,"Trichoptera_leptoceridae",0
"226","NWT","GL5","LAKE","GL5_1W","WEST",2018-07-31,"Trichoptera_leptoceridae",0
"227","NWT","GL5","LAKE","GL5_2E","EAST",2018-07-31,"Trichoptera_leptoceridae",0
"228","NWT","GL5","INLET","GL5_3IN","NaN",2018-07-31,"Trichoptera_leptoceridae",0
"229","NWT","GL5","OUTLET","GL5_4OUT","NaN",2018-07-31,"Trichoptera_leptoceridae",0
"230","NWT","ALB","LAKE","ALB_1W","WEST",2018-08-02,"Trichoptera_leptoceridae",0
"231","NWT","ALB","LAKE","ALB_2W","WEST",2018-08-02,"Trichoptera_leptoceridae",0
"232","NWT","ALB","LAKE","ALB_3E","EAST",2018-08-02,"Trichoptera_leptoceridae",0
"233","NWT","ALB","LAKE","ALB_4E","EAST",2018-08-02,"Trichoptera_leptoceridae",0
"234","NWT","ALB","INLET","ALB_5IN","NaN",2018-08-02,"Trichoptera_leptoceridae",0
"235","NWT","GL4","LAKE","GL4_1E","EAST",2018-08-07,"Trichoptera_leptoceridae",0
"236","NWT","GL4","LAKE","GL4_2E","EAST",2018-08-07,"Trichoptera_leptoceridae",0
"237","NWT","GL4","INLET","GL4_3IN","NaN",2018-08-07,"Trichoptera_leptoceridae",0
"238","NWT","GL4","LAKE","GL4_4W","WEST",2018-08-07,"Trichoptera_leptoceridae",0
"239","NWT","GL4","LAKE","GL4_5W","WEST",2018-08-07,"Trichoptera_leptoceridae",0
"240","NWT","GL4","OUTLET","GL4_6OUT","NaN",2018-08-07,"Trichoptera_leptoceridae",0
"241","NWT","GL1","LAKE","GL1_2E","EAST",2018-08-09,"Trichoptera_leptoceridae",0
"242","NWT","GL1","LAKE","GL1_3E","EAST",2018-08-09,"Trichoptera_leptoceridae",0
"243","NWT","GL1","LAKE","GL1_5W","WEST",2018-08-09,"Trichoptera_leptoceridae",0
"244","NWT","GL1","LAKE","GL1_7W","WEST",2018-08-09,"Trichoptera_leptoceridae",0
"245","NWT","GL4","WATERFALL","GL4_waterfall_high","NaN",2018-08-07,"Trichoptera_leptoceridae",0
"246","NWT","GL4","WATERFALL","GL4_waterfall_low","NaN",2018-08-07,"Trichoptera_leptoceridae",0
"247","NWT","ALB_creek","CREEK","ALB_creek_aboveroad","NaN",2018-08-09,"Trichoptera_leptoceridae",0
"248","NWT","ALB_creek","CREEK","ALB_creek_aboveroad","NaN",2018-08-09,"Trichoptera_leptoceridae",0
"249","NWT","GL4","LAKE","GL4_1E","EAST",2018-08-21,"Trichoptera_leptoceridae",0
"250","NWT","GL4","INLET","GL4_3IN","NaN",2018-08-21,"Trichoptera_leptoceridae",0
"251","NWT","GL4","LAKE","GL4_5W","WEST",2018-08-21,"Trichoptera_leptoceridae",0
"252","NWT","GL4","OUTLET","GL4_6OUT","NaN",2018-08-21,"Trichoptera_leptoceridae",0
"253","NWT","GL4","LAKE","GL4_2E","EAST",2018-08-23,"Trichoptera_leptoceridae",0
"254","NWT","GL4","LAKE","GL4_4W","WEST",2018-08-23,"Trichoptera_leptoceridae",0
"255","NWT","GL4","WATERFALL","GL4_waterfall_high","NaN",2018-08-23,"Trichoptera_leptoceridae",0
"256","NWT","GL4","WATERFALL","GL4_waterfall_low","NaN",2018-08-23,"Trichoptera_leptoceridae",0
"257","NWT","GL1","LAKE","GL1_1E","EAST",2018-06-28,"Diptera_chironomidae",4
"258","NWT","GL1","LAKE","GL1_2E","EAST",2018-06-28,"Diptera_chironomidae",5
"259","NWT","GL1","LAKE","GL1_3E","EAST",2018-06-28,"Diptera_chironomidae",2
"260","NWT","GL1","LAKE","GL1_4E","EAST",2018-06-28,"Diptera_chironomidae",0
"261","NWT","GL1","LAKE","GL1_5W","WEST",2018-06-28,"Diptera_chironomidae",1
"262","NWT","GL1","LAKE","GL1_6W","WEST",2018-06-28,"Diptera_chironomidae",1
"263","NWT","GL1","LAKE","GL1_7W","WEST",2018-06-28,"Diptera_chironomidae",7
"264","NWT","GL4","LAKE","GL4_1E","EAST",2018-07-03,"Diptera_chironomidae",0
"265","NWT","GL4","LAKE","GL4_2E","EAST",2018-07-03,"Diptera_chironomidae",0
"266","NWT","GL4","INLET","GL4_3IN","NaN",2018-07-03,"Diptera_chironomidae",3
"267","NWT","GL4","LAKE","GL4_4W","WEST",2018-07-03,"Diptera_chironomidae",0
"268","NWT","GL4","LAKE","GL4_5W","WEST",2018-07-03,"Diptera_chironomidae",0
"269","NWT","GL4","OUTLET","GL4_6OUT","NaN",2018-07-03,"Diptera_chironomidae",0
"270","NWT","ALB","LAKE","ALB_1W","WEST",2018-07-05,"Diptera_chironomidae",1
"271","NWT","ALB","LAKE","ALB_2W","WEST",2018-07-05,"Diptera_chironomidae",0
"272","NWT","ALB","LAKE","ALB_3E","EAST",2018-07-05,"Diptera_chironomidae",0
"273","NWT","ALB","LAKE","ALB_4E","EAST",2018-07-05,"Diptera_chironomidae",0
"274","NWT","ALB","INLET","ALB_5IN","NaN",2018-07-05,"Diptera_chironomidae",4
"275","NWT","GL1","LAKE","GL1_2E","EAST",2018-07-12,"Diptera_chironomidae",47
"276","NWT","GL1","LAKE","GL1_3E","EAST",2018-07-12,"Diptera_chironomidae",21
"277","NWT","GL1","LAKE","GL1_5W","WEST",2018-07-12,"Diptera_chironomidae",28
"278","NWT","GL1","LAKE","GL1_7W","WEST",2018-07-12,"Diptera_chironomidae",0
"279","NWT","GL4","LAKE","GL4_1E","EAST",2018-07-17,"Diptera_chironomidae",1
"280","NWT","GL4","LAKE","GL4_2E","EAST",2018-07-17,"Diptera_chironomidae",0
"281","NWT","GL4","INLET","GL4_3IN","NaN",2018-07-17,"Diptera_chironomidae",3
"282","NWT","GL4","LAKE","GL4_4W","WEST",2018-07-17,"Diptera_chironomidae",0
"283","NWT","GL4","LAKE","GL4_5W","WEST",2018-07-17,"Diptera_chironomidae",0
"284","NWT","GL4","OUTLET","GL4_6OUT","NaN",2018-07-17,"Diptera_chironomidae",0
"285","NWT","ALB","LAKE","ALB_1W","WEST",2018-07-19,"Diptera_chironomidae",21
"286","NWT","ALB","LAKE","ALB_2W","WEST",2018-07-19,"Diptera_chironomidae",10
"287","NWT","ALB","LAKE","ALB_3E","EAST",2018-07-19,"Diptera_chironomidae",10
"288","NWT","ALB","LAKE","ALB_4E","EAST",2018-07-19,"Diptera_chironomidae",11
"289","NWT","ALB","INLET","ALB_5IN","NaN",2018-07-19,"Diptera_chironomidae",34
"290","NWT","GL5","LAKE","GL5_1W","WEST",2018-07-31,"Diptera_chironomidae",5
"291","NWT","GL5","LAKE","GL5_2E","EAST",2018-07-31,"Diptera_chironomidae",95
"292","NWT","GL5","INLET","GL5_3IN","NaN",2018-07-31,"Diptera_chironomidae",242
"293","NWT","GL5","OUTLET","GL5_4OUT","NaN",2018-07-31,"Diptera_chironomidae",14
"294","NWT","ALB","LAKE","ALB_1W","WEST",2018-08-02,"Diptera_chironomidae",62
"295","NWT","ALB","LAKE","ALB_2W","WEST",2018-08-02,"Diptera_chironomidae",97
"296","NWT","ALB","LAKE","ALB_3E","EAST",2018-08-02,"Diptera_chironomidae",31
"297","NWT","ALB","LAKE","ALB_4E","EAST",2018-08-02,"Diptera_chironomidae",115
"298","NWT","ALB","INLET","ALB_5IN","NaN",2018-08-02,"Diptera_chironomidae",251
"299","NWT","GL4","LAKE","GL4_1E","EAST",2018-08-07,"Diptera_chironomidae",1
"300","NWT","GL4","LAKE","GL4_2E","EAST",2018-08-07,"Diptera_chironomidae",0
"301","NWT","GL4","INLET","GL4_3IN","NaN",2018-08-07,"Diptera_chironomidae",81
"302","NWT","GL4","LAKE","GL4_4W","WEST",2018-08-07,"Diptera_chironomidae",0
"303","NWT","GL4","LAKE","GL4_5W","WEST",2018-08-07,"Diptera_chironomidae",0
"304","NWT","GL4","OUTLET","GL4_6OUT","NaN",2018-08-07,"Diptera_chironomidae",11
"305","NWT","GL1","LAKE","GL1_2E","EAST",2018-08-09,"Diptera_chironomidae",60
"306","NWT","GL1","LAKE","GL1_3E","EAST",2018-08-09,"Diptera_chironomidae",33
"307","NWT","GL1","LAKE","GL1_5W","WEST",2018-08-09,"Diptera_chironomidae",42
"308","NWT","GL1","LAKE","GL1_7W","WEST",2018-08-09,"Diptera_chironomidae",62
"309","NWT","GL4","WATERFALL","GL4_waterfall_high","NaN",2018-08-07,"Diptera_chironomidae",225
"310","NWT","GL4","WATERFALL","GL4_waterfall_low","NaN",2018-08-07,"Diptera_chironomidae",104
"311","NWT","ALB_creek","CREEK","ALB_creek_aboveroad","NaN",2018-08-09,"Diptera_chironomidae",273
"312","NWT","ALB_creek","CREEK","ALB_creek_aboveroad","NaN",2018-08-09,"Diptera_chironomidae",127
"313","NWT","GL4","LAKE","GL4_1E","EAST",2018-08-21,"Diptera_chironomidae",0
"314","NWT","GL4","INLET","GL4_3IN","NaN",2018-08-21,"Diptera_chironomidae",41
"315","NWT","GL4","LAKE","GL4_5W","WEST",2018-08-21,"Diptera_chironomidae",0
"316","NWT","GL4","OUTLET","GL4_6OUT","NaN",2018-08-21,"Diptera_chironomidae",14
"317","NWT","GL4","LAKE","GL4_2E","EAST",2018-08-23,"Diptera_chironomidae",0
"318","NWT","GL4","LAKE","GL4_4W","WEST",2018-08-23,"Diptera_chironomidae",3
"319","NWT","GL4","WATERFALL","GL4_waterfall_high","NaN",2018-08-23,"Diptera_chironomidae",123
"320","NWT","GL4","WATERFALL","GL4_waterfall_low","NaN",2018-08-23,"Diptera_chironomidae",235
"321","NWT","GL1","LAKE","GL1_1E","EAST",2018-06-28,"Diptera_simuliidae",0
"322","NWT","GL1","LAKE","GL1_2E","EAST",2018-06-28,"Diptera_simuliidae",0
"323","NWT","GL1","LAKE","GL1_3E","EAST",2018-06-28,"Diptera_simuliidae",0
"324","NWT","GL1","LAKE","GL1_4E","EAST",2018-06-28,"Diptera_simuliidae",0
"325","NWT","GL1","LAKE","GL1_5W","WEST",2018-06-28,"Diptera_simuliidae",0
"326","NWT","GL1","LAKE","GL1_6W","WEST",2018-06-28,"Diptera_simuliidae",0
"327","NWT","GL1","LAKE","GL1_7W","WEST",2018-06-28,"Diptera_simuliidae",0
"328","NWT","GL4","LAKE","GL4_1E","EAST",2018-07-03,"Diptera_simuliidae",0
"329","NWT","GL4","LAKE","GL4_2E","EAST",2018-07-03,"Diptera_simuliidae",0
"330","NWT","GL4","INLET","GL4_3IN","NaN",2018-07-03,"Diptera_simuliidae",0
"331","NWT","GL4","LAKE","GL4_4W","WEST",2018-07-03,"Diptera_simuliidae",0
"332","NWT","GL4","LAKE","GL4_5W","WEST",2018-07-03,"Diptera_simuliidae",0
"333","NWT","GL4","OUTLET","GL4_6OUT","NaN",2018-07-03,"Diptera_simuliidae",0
"334","NWT","ALB","LAKE","ALB_1W","WEST",2018-07-05,"Diptera_simuliidae",0
"335","NWT","ALB","LAKE","ALB_2W","WEST",2018-07-05,"Diptera_simuliidae",0
"336","NWT","ALB","LAKE","ALB_3E","EAST",2018-07-05,"Diptera_simuliidae",0
"337","NWT","ALB","LAKE","ALB_4E","EAST",2018-07-05,"Diptera_simuliidae",0
"338","NWT","ALB","INLET","ALB_5IN","NaN",2018-07-05,"Diptera_simuliidae",0
"339","NWT","GL1","LAKE","GL1_2E","EAST",2018-07-12,"Diptera_simuliidae",0
"340","NWT","GL1","LAKE","GL1_3E","EAST",2018-07-12,"Diptera_simuliidae",0
"341","NWT","GL1","LAKE","GL1_5W","WEST",2018-07-12,"Diptera_simuliidae",0
"342","NWT","GL1","LAKE","GL1_7W","WEST",2018-07-12,"Diptera_simuliidae",0
"343","NWT","GL4","LAKE","GL4_1E","EAST",2018-07-17,"Diptera_simuliidae",0
"344","NWT","GL4","LAKE","GL4_2E","EAST",2018-07-17,"Diptera_simuliidae",0
"345","NWT","GL4","INLET","GL4_3IN","NaN",2018-07-17,"Diptera_simuliidae",52
"346","NWT","GL4","LAKE","GL4_4W","WEST",2018-07-17,"Diptera_simuliidae",0
"347","NWT","GL4","LAKE","GL4_5W","WEST",2018-07-17,"Diptera_simuliidae",0
"348","NWT","GL4","OUTLET","GL4_6OUT","NaN",2018-07-17,"Diptera_simuliidae",0
"349","NWT","ALB","LAKE","ALB_1W","WEST",2018-07-19,"Diptera_simuliidae",0
"350","NWT","ALB","LAKE","ALB_2W","WEST",2018-07-19,"Diptera_simuliidae",0
"351","NWT","ALB","LAKE","ALB_3E","EAST",2018-07-19,"Diptera_simuliidae",0
"352","NWT","ALB","LAKE","ALB_4E","EAST",2018-07-19,"Diptera_simuliidae",0
"353","NWT","ALB","INLET","ALB_5IN","NaN",2018-07-19,"Diptera_simuliidae",0
"354","NWT","GL5","LAKE","GL5_1W","WEST",2018-07-31,"Diptera_simuliidae",0
"355","NWT","GL5","LAKE","GL5_2E","EAST",2018-07-31,"Diptera_simuliidae",0
"356","NWT","GL5","INLET","GL5_3IN","NaN",2018-07-31,"Diptera_simuliidae",0
"357","NWT","GL5","OUTLET","GL5_4OUT","NaN",2018-07-31,"Diptera_simuliidae",0
"358","NWT","ALB","LAKE","ALB_1W","WEST",2018-08-02,"Diptera_simuliidae",0
"359","NWT","ALB","LAKE","ALB_2W","WEST",2018-08-02,"Diptera_simuliidae",0
"360","NWT","ALB","LAKE","ALB_3E","EAST",2018-08-02,"Diptera_simuliidae",0
"361","NWT","ALB","LAKE","ALB_4E","EAST",2018-08-02,"Diptera_simuliidae",0
"362","NWT","ALB","INLET","ALB_5IN","NaN",2018-08-02,"Diptera_simuliidae",0
"363","NWT","GL4","LAKE","GL4_1E","EAST",2018-08-07,"Diptera_simuliidae",0
"364","NWT","GL4","LAKE","GL4_2E","EAST",2018-08-07,"Diptera_simuliidae",0
"365","NWT","GL4","INLET","GL4_3IN","NaN",2018-08-07,"Diptera_simuliidae",0
"366","NWT","GL4","LAKE","GL4_4W","WEST",2018-08-07,"Diptera_simuliidae",0
"367","NWT","GL4","LAKE","GL4_5W","WEST",2018-08-07,"Diptera_simuliidae",0
"368","NWT","GL4","OUTLET","GL4_6OUT","NaN",2018-08-07,"Diptera_simuliidae",0
"369","NWT","GL1","LAKE","GL1_2E","EAST",2018-08-09,"Diptera_simuliidae",0
"370","NWT","GL1","LAKE","GL1_3E","EAST",2018-08-09,"Diptera_simuliidae",0
"371","NWT","GL1","LAKE","GL1_5W","WEST",2018-08-09,"Diptera_simuliidae",0
"372","NWT","GL1","LAKE","GL1_7W","WEST",2018-08-09,"Diptera_simuliidae",0
"373","NWT","GL4","WATERFALL","GL4_waterfall_high","NaN",2018-08-07,"Diptera_simuliidae",0
"374","NWT","GL4","WATERFALL","GL4_waterfall_low","NaN",2018-08-07,"Diptera_simuliidae",0
"375","NWT","ALB_creek","CREEK","ALB_creek_aboveroad","NaN",2018-08-09,"Diptera_simuliidae",0
"376","NWT","ALB_creek","CREEK","ALB_creek_aboveroad","NaN",2018-08-09,"Diptera_simuliidae",1
"377","NWT","GL4","LAKE","GL4_1E","EAST",2018-08-21,"Diptera_simuliidae",0
"378","NWT","GL4","INLET","GL4_3IN","NaN",2018-08-21,"Diptera_simuliidae",0
"379","NWT","GL4","LAKE","GL4_5W","WEST",2018-08-21,"Diptera_simuliidae",0
"380","NWT","GL4","OUTLET","GL4_6OUT","NaN",2018-08-21,"Diptera_simuliidae",0
"381","NWT","GL4","LAKE","GL4_2E","EAST",2018-08-23,"Diptera_simuliidae",0
"382","NWT","GL4","LAKE","GL4_4W","WEST",2018-08-23,"Diptera_simuliidae",0
"383","NWT","GL4","WATERFALL","GL4_waterfall_high","NaN",2018-08-23,"Diptera_simuliidae",0
"384","NWT","GL4","WATERFALL","GL4_waterfall_low","NaN",2018-08-23,"Diptera_simuliidae",0
"385","NWT","GL1","LAKE","GL1_1E","EAST",2018-06-28,"Amphipoda_gammaridae",0
"386","NWT","GL1","LAKE","GL1_2E","EAST",2018-06-28,"Amphipoda_gammaridae",1
"387","NWT","GL1","LAKE","GL1_3E","EAST",2018-06-28,"Amphipoda_gammaridae",0
"388","NWT","GL1","LAKE","GL1_4E","EAST",2018-06-28,"Amphipoda_gammaridae",0
"389","NWT","GL1","LAKE","GL1_5W","WEST",2018-06-28,"Amphipoda_gammaridae",1
"390","NWT","GL1","LAKE","GL1_6W","WEST",2018-06-28,"Amphipoda_gammaridae",0
"391","NWT","GL1","LAKE","GL1_7W","WEST",2018-06-28,"Amphipoda_gammaridae",0
"392","NWT","GL4","LAKE","GL4_1E","EAST",2018-07-03,"Amphipoda_gammaridae",0
"393","NWT","GL4","LAKE","GL4_2E","EAST",2018-07-03,"Amphipoda_gammaridae",0
"394","NWT","GL4","INLET","GL4_3IN","NaN",2018-07-03,"Amphipoda_gammaridae",0
"395","NWT","GL4","LAKE","GL4_4W","WEST",2018-07-03,"Amphipoda_gammaridae",0
"396","NWT","GL4","LAKE","GL4_5W","WEST",2018-07-03,"Amphipoda_gammaridae",0
"397","NWT","GL4","OUTLET","GL4_6OUT","NaN",2018-07-03,"Amphipoda_gammaridae",0
"398","NWT","ALB","LAKE","ALB_1W","WEST",2018-07-05,"Amphipoda_gammaridae",0
"399","NWT","ALB","LAKE","ALB_2W","WEST",2018-07-05,"Amphipoda_gammaridae",0
"400","NWT","ALB","LAKE","ALB_3E","EAST",2018-07-05,"Amphipoda_gammaridae",0
"401","NWT","ALB","LAKE","ALB_4E","EAST",2018-07-05,"Amphipoda_gammaridae",0
"402","NWT","ALB","INLET","ALB_5IN","NaN",2018-07-05,"Amphipoda_gammaridae",0
"403","NWT","GL1","LAKE","GL1_2E","EAST",2018-07-12,"Amphipoda_gammaridae",0
"404","NWT","GL1","LAKE","GL1_3E","EAST",2018-07-12,"Amphipoda_gammaridae",0
"405","NWT","GL1","LAKE","GL1_5W","WEST",2018-07-12,"Amphipoda_gammaridae",1
"406","NWT","GL1","LAKE","GL1_7W","WEST",2018-07-12,"Amphipoda_gammaridae",0
"407","NWT","GL4","LAKE","GL4_1E","EAST",2018-07-17,"Amphipoda_gammaridae",0
"408","NWT","GL4","LAKE","GL4_2E","EAST",2018-07-17,"Amphipoda_gammaridae",0
"409","NWT","GL4","INLET","GL4_3IN","NaN",2018-07-17,"Amphipoda_gammaridae",0
"410","NWT","GL4","LAKE","GL4_4W","WEST",2018-07-17,"Amphipoda_gammaridae",0
"411","NWT","GL4","LAKE","GL4_5W","WEST",2018-07-17,"Amphipoda_gammaridae",0
"412","NWT","GL4","OUTLET","GL4_6OUT","NaN",2018-07-17,"Amphipoda_gammaridae",0
"413","NWT","ALB","LAKE","ALB_1W","WEST",2018-07-19,"Amphipoda_gammaridae",0
"414","NWT","ALB","LAKE","ALB_2W","WEST",2018-07-19,"Amphipoda_gammaridae",0
"415","NWT","ALB","LAKE","ALB_3E","EAST",2018-07-19,"Amphipoda_gammaridae",0
"416","NWT","ALB","LAKE","ALB_4E","EAST",2018-07-19,"Amphipoda_gammaridae",0
"417","NWT","ALB","INLET","ALB_5IN","NaN",2018-07-19,"Amphipoda_gammaridae",0
"418","NWT","GL5","LAKE","GL5_1W","WEST",2018-07-31,"Amphipoda_gammaridae",0
"419","NWT","GL5","LAKE","GL5_2E","EAST",2018-07-31,"Amphipoda_gammaridae",0
"420","NWT","GL5","INLET","GL5_3IN","NaN",2018-07-31,"Amphipoda_gammaridae",0
"421","NWT","GL5","OUTLET","GL5_4OUT","NaN",2018-07-31,"Amphipoda_gammaridae",0
"422","NWT","ALB","LAKE","ALB_1W","WEST",2018-08-02,"Amphipoda_gammaridae",0
"423","NWT","ALB","LAKE","ALB_2W","WEST",2018-08-02,"Amphipoda_gammaridae",0
"424","NWT","ALB","LAKE","ALB_3E","EAST",2018-08-02,"Amphipoda_gammaridae",0
"425","NWT","ALB","LAKE","ALB_4E","EAST",2018-08-02,"Amphipoda_gammaridae",0
"426","NWT","ALB","INLET","ALB_5IN","NaN",2018-08-02,"Amphipoda_gammaridae",0
"427","NWT","GL4","LAKE","GL4_1E","EAST",2018-08-07,"Amphipoda_gammaridae",0
"428","NWT","GL4","LAKE","GL4_2E","EAST",2018-08-07,"Amphipoda_gammaridae",0
"429","NWT","GL4","INLET","GL4_3IN","NaN",2018-08-07,"Amphipoda_gammaridae",0
"430","NWT","GL4","LAKE","GL4_4W","WEST",2018-08-07,"Amphipoda_gammaridae",0
"431","NWT","GL4","LAKE","GL4_5W","WEST",2018-08-07,"Amphipoda_gammaridae",0
"432","NWT","GL4","OUTLET","GL4_6OUT","NaN",2018-08-07,"Amphipoda_gammaridae",0
"433","NWT","GL1","LAKE","GL1_2E","EAST",2018-08-09,"Amphipoda_gammaridae",1
"434","NWT","GL1","LAKE","GL1_3E","EAST",2018-08-09,"Amphipoda_gammaridae",0
"435","NWT","GL1","LAKE","GL1_5W","WEST",2018-08-09,"Amphipoda_gammaridae",0
"436","NWT","GL1","LAKE","GL1_7W","WEST",2018-08-09,"Amphipoda_gammaridae",0
"437","NWT","GL4","WATERFALL","GL4_waterfall_high","NaN",2018-08-07,"Amphipoda_gammaridae",0
"438","NWT","GL4","WATERFALL","GL4_waterfall_low","NaN",2018-08-07,"Amphipoda_gammaridae",0
"439","NWT","ALB_creek","CREEK","ALB_creek_aboveroad","NaN",2018-08-09,"Amphipoda_gammaridae",0
"440","NWT","ALB_creek","CREEK","ALB_creek_aboveroad","NaN",2018-08-09,"Amphipoda_gammaridae",0
"441","NWT","GL4","LAKE","GL4_1E","EAST",2018-08-21,"Amphipoda_gammaridae",0
"442","NWT","GL4","INLET","GL4_3IN","NaN",2018-08-21,"Amphipoda_gammaridae",0
"443","NWT","GL4","LAKE","GL4_5W","WEST",2018-08-21,"Amphipoda_gammaridae",0
"444","NWT","GL4","OUTLET","GL4_6OUT","NaN",2018-08-21,"Amphipoda_gammaridae",0
"445","NWT","GL4","LAKE","GL4_2E","EAST",2018-08-23,"Amphipoda_gammaridae",0
"446","NWT","GL4","LAKE","GL4_4W","WEST",2018-08-23,"Amphipoda_gammaridae",0
"447","NWT","GL4","WATERFALL","GL4_waterfall_high","NaN",2018-08-23,"Amphipoda_gammaridae",0
"448","NWT","GL4","WATERFALL","GL4_waterfall_low","NaN",2018-08-23,"Amphipoda_gammaridae",0
"449","NWT","GL1","LAKE","GL1_1E","EAST",2018-06-28,"Ephemeroptera_baetidae_",0
"450","NWT","GL1","LAKE","GL1_2E","EAST",2018-06-28,"Ephemeroptera_baetidae_",0
"451","NWT","GL1","LAKE","GL1_3E","EAST",2018-06-28,"Ephemeroptera_baetidae_",0
"452","NWT","GL1","LAKE","GL1_4E","EAST",2018-06-28,"Ephemeroptera_baetidae_",0
"453","NWT","GL1","LAKE","GL1_5W","WEST",2018-06-28,"Ephemeroptera_baetidae_",0
"454","NWT","GL1","LAKE","GL1_6W","WEST",2018-06-28,"Ephemeroptera_baetidae_",0
"455","NWT","GL1","LAKE","GL1_7W","WEST",2018-06-28,"Ephemeroptera_baetidae_",0
"456","NWT","GL4","LAKE","GL4_1E","EAST",2018-07-03,"Ephemeroptera_baetidae_",0
"457","NWT","GL4","LAKE","GL4_2E","EAST",2018-07-03,"Ephemeroptera_baetidae_",0
"458","NWT","GL4","INLET","GL4_3IN","NaN",2018-07-03,"Ephemeroptera_baetidae_",0
"459","NWT","GL4","LAKE","GL4_4W","WEST",2018-07-03,"Ephemeroptera_baetidae_",0
"460","NWT","GL4","LAKE","GL4_5W","WEST",2018-07-03,"Ephemeroptera_baetidae_",0
"461","NWT","GL4","OUTLET","GL4_6OUT","NaN",2018-07-03,"Ephemeroptera_baetidae_",50
"462","NWT","ALB","LAKE","ALB_1W","WEST",2018-07-05,"Ephemeroptera_baetidae_",0
"463","NWT","ALB","LAKE","ALB_2W","WEST",2018-07-05,"Ephemeroptera_baetidae_",0
"464","NWT","ALB","LAKE","ALB_3E","EAST",2018-07-05,"Ephemeroptera_baetidae_",0
"465","NWT","ALB","LAKE","ALB_4E","EAST",2018-07-05,"Ephemeroptera_baetidae_",0
"466","NWT","ALB","INLET","ALB_5IN","NaN",2018-07-05,"Ephemeroptera_baetidae_",11
"467","NWT","GL1","LAKE","GL1_2E","EAST",2018-07-12,"Ephemeroptera_baetidae_",0
"468","NWT","GL1","LAKE","GL1_3E","EAST",2018-07-12,"Ephemeroptera_baetidae_",0
"469","NWT","GL1","LAKE","GL1_5W","WEST",2018-07-12,"Ephemeroptera_baetidae_",0
"470","NWT","GL1","LAKE","GL1_7W","WEST",2018-07-12,"Ephemeroptera_baetidae_",0
"471","NWT","GL4","LAKE","GL4_1E","EAST",2018-07-17,"Ephemeroptera_baetidae_",0
"472","NWT","GL4","LAKE","GL4_2E","EAST",2018-07-17,"Ephemeroptera_baetidae_",0
"473","NWT","GL4","INLET","GL4_3IN","NaN",2018-07-17,"Ephemeroptera_baetidae_",4
"474","NWT","GL4","LAKE","GL4_4W","WEST",2018-07-17,"Ephemeroptera_baetidae_",0
"475","NWT","GL4","LAKE","GL4_5W","WEST",2018-07-17,"Ephemeroptera_baetidae_",0
"476","NWT","GL4","OUTLET","GL4_6OUT","NaN",2018-07-17,"Ephemeroptera_baetidae_",29
"477","NWT","ALB","LAKE","ALB_1W","WEST",2018-07-19,"Ephemeroptera_baetidae_",0
"478","NWT","ALB","LAKE","ALB_2W","WEST",2018-07-19,"Ephemeroptera_baetidae_",0
"479","NWT","ALB","LAKE","ALB_3E","EAST",2018-07-19,"Ephemeroptera_baetidae_",0
"480","NWT","ALB","LAKE","ALB_4E","EAST",2018-07-19,"Ephemeroptera_baetidae_",0
"481","NWT","ALB","INLET","ALB_5IN","NaN",2018-07-19,"Ephemeroptera_baetidae_",4
"482","NWT","GL5","LAKE","GL5_1W","WEST",2018-07-31,"Ephemeroptera_baetidae_",0
"483","NWT","GL5","LAKE","GL5_2E","EAST",2018-07-31,"Ephemeroptera_baetidae_",0
"484","NWT","GL5","INLET","GL5_3IN","NaN",2018-07-31,"Ephemeroptera_baetidae_",0
"485","NWT","GL5","OUTLET","GL5_4OUT","NaN",2018-07-31,"Ephemeroptera_baetidae_",0
"486","NWT","ALB","LAKE","ALB_1W","WEST",2018-08-02,"Ephemeroptera_baetidae_",1
"487","NWT","ALB","LAKE","ALB_2W","WEST",2018-08-02,"Ephemeroptera_baetidae_",0
"488","NWT","ALB","LAKE","ALB_3E","EAST",2018-08-02,"Ephemeroptera_baetidae_",0
"489","NWT","ALB","LAKE","ALB_4E","EAST",2018-08-02,"Ephemeroptera_baetidae_",0
"490","NWT","ALB","INLET","ALB_5IN","NaN",2018-08-02,"Ephemeroptera_baetidae_",6
"491","NWT","GL4","LAKE","GL4_1E","EAST",2018-08-07,"Ephemeroptera_baetidae_",0
"492","NWT","GL4","LAKE","GL4_2E","EAST",2018-08-07,"Ephemeroptera_baetidae_",0
"493","NWT","GL4","INLET","GL4_3IN","NaN",2018-08-07,"Ephemeroptera_baetidae_",0
"494","NWT","GL4","LAKE","GL4_4W","WEST",2018-08-07,"Ephemeroptera_baetidae_",0
"495","NWT","GL4","LAKE","GL4_5W","WEST",2018-08-07,"Ephemeroptera_baetidae_",1
"496","NWT","GL4","OUTLET","GL4_6OUT","NaN",2018-08-07,"Ephemeroptera_baetidae_",15
"497","NWT","GL1","LAKE","GL1_2E","EAST",2018-08-09,"Ephemeroptera_baetidae_",0
"498","NWT","GL1","LAKE","GL1_3E","EAST",2018-08-09,"Ephemeroptera_baetidae_",0
"499","NWT","GL1","LAKE","GL1_5W","WEST",2018-08-09,"Ephemeroptera_baetidae_",0
"500","NWT","GL1","LAKE","GL1_7W","WEST",2018-08-09,"Ephemeroptera_baetidae_",0
"501","NWT","GL4","WATERFALL","GL4_waterfall_high","NaN",2018-08-07,"Ephemeroptera_baetidae_",0
"502","NWT","GL4","WATERFALL","GL4_waterfall_low","NaN",2018-08-07,"Ephemeroptera_baetidae_",0
"503","NWT","ALB_creek","CREEK","ALB_creek_aboveroad","NaN",2018-08-09,"Ephemeroptera_baetidae_",0
"504","NWT","ALB_creek","CREEK","ALB_creek_aboveroad","NaN",2018-08-09,"Ephemeroptera_baetidae_",1
"505","NWT","GL4","LAKE","GL4_1E","EAST",2018-08-21,"Ephemeroptera_baetidae_",1
"506","NWT","GL4","INLET","GL4_3IN","NaN",2018-08-21,"Ephemeroptera_baetidae_",0
"507","NWT","GL4","LAKE","GL4_5W","WEST",2018-08-21,"Ephemeroptera_baetidae_",0
"508","NWT","GL4","OUTLET","GL4_6OUT","NaN",2018-08-21,"Ephemeroptera_baetidae_",11
"509","NWT","GL4","LAKE","GL4_2E","EAST",2018-08-23,"Ephemeroptera_baetidae_",0
"510","NWT","GL4","LAKE","GL4_4W","WEST",2018-08-23,"Ephemeroptera_baetidae_",1
"511","NWT","GL4","WATERFALL","GL4_waterfall_high","NaN",2018-08-23,"Ephemeroptera_baetidae_",0
"512","NWT","GL4","WATERFALL","GL4_waterfall_low","NaN",2018-08-23,"Ephemeroptera_baetidae_",5
"513","NWT","GL1","LAKE","GL1_1E","EAST",2018-06-28,"Ephemeroptera_ameletidae_ameletus",0
"514","NWT","GL1","LAKE","GL1_2E","EAST",2018-06-28,"Ephemeroptera_ameletidae_ameletus",0
"515","NWT","GL1","LAKE","GL1_3E","EAST",2018-06-28,"Ephemeroptera_ameletidae_ameletus",0
"516","NWT","GL1","LAKE","GL1_4E","EAST",2018-06-28,"Ephemeroptera_ameletidae_ameletus",0
"517","NWT","GL1","LAKE","GL1_5W","WEST",2018-06-28,"Ephemeroptera_ameletidae_ameletus",0
"518","NWT","GL1","LAKE","GL1_6W","WEST",2018-06-28,"Ephemeroptera_ameletidae_ameletus",0
"519","NWT","GL1","LAKE","GL1_7W","WEST",2018-06-28,"Ephemeroptera_ameletidae_ameletus",0
"520","NWT","GL4","LAKE","GL4_1E","EAST",2018-07-03,"Ephemeroptera_ameletidae_ameletus",1
"521","NWT","GL4","LAKE","GL4_2E","EAST",2018-07-03,"Ephemeroptera_ameletidae_ameletus",2
"522","NWT","GL4","INLET","GL4_3IN","NaN",2018-07-03,"Ephemeroptera_ameletidae_ameletus",2
"523","NWT","GL4","LAKE","GL4_4W","WEST",2018-07-03,"Ephemeroptera_ameletidae_ameletus",0
"524","NWT","GL4","LAKE","GL4_5W","WEST",2018-07-03,"Ephemeroptera_ameletidae_ameletus",0
"525","NWT","GL4","OUTLET","GL4_6OUT","NaN",2018-07-03,"Ephemeroptera_ameletidae_ameletus",0
"526","NWT","ALB","LAKE","ALB_1W","WEST",2018-07-05,"Ephemeroptera_ameletidae_ameletus",0
"527","NWT","ALB","LAKE","ALB_2W","WEST",2018-07-05,"Ephemeroptera_ameletidae_ameletus",0
"528","NWT","ALB","LAKE","ALB_3E","EAST",2018-07-05,"Ephemeroptera_ameletidae_ameletus",0
"529","NWT","ALB","LAKE","ALB_4E","EAST",2018-07-05,"Ephemeroptera_ameletidae_ameletus",0
"530","NWT","ALB","INLET","ALB_5IN","NaN",2018-07-05,"Ephemeroptera_ameletidae_ameletus",0
"531","NWT","GL1","LAKE","GL1_2E","EAST",2018-07-12,"Ephemeroptera_ameletidae_ameletus",0
"532","NWT","GL1","LAKE","GL1_3E","EAST",2018-07-12,"Ephemeroptera_ameletidae_ameletus",0
"533","NWT","GL1","LAKE","GL1_5W","WEST",2018-07-12,"Ephemeroptera_ameletidae_ameletus",0
"534","NWT","GL1","LAKE","GL1_7W","WEST",2018-07-12,"Ephemeroptera_ameletidae_ameletus",0
"535","NWT","GL4","LAKE","GL4_1E","EAST",2018-07-17,"Ephemeroptera_ameletidae_ameletus",2
"536","NWT","GL4","LAKE","GL4_2E","EAST",2018-07-17,"Ephemeroptera_ameletidae_ameletus",5
"537","NWT","GL4","INLET","GL4_3IN","NaN",2018-07-17,"Ephemeroptera_ameletidae_ameletus",0
"538","NWT","GL4","LAKE","GL4_4W","WEST",2018-07-17,"Ephemeroptera_ameletidae_ameletus",1
"539","NWT","GL4","LAKE","GL4_5W","WEST",2018-07-17,"Ephemeroptera_ameletidae_ameletus",3
"540","NWT","GL4","OUTLET","GL4_6OUT","NaN",2018-07-17,"Ephemeroptera_ameletidae_ameletus",0
"541","NWT","ALB","LAKE","ALB_1W","WEST",2018-07-19,"Ephemeroptera_ameletidae_ameletus",0
"542","NWT","ALB","LAKE","ALB_2W","WEST",2018-07-19,"Ephemeroptera_ameletidae_ameletus",0
"543","NWT","ALB","LAKE","ALB_3E","EAST",2018-07-19,"Ephemeroptera_ameletidae_ameletus",0
"544","NWT","ALB","LAKE","ALB_4E","EAST",2018-07-19,"Ephemeroptera_ameletidae_ameletus",0
"545","NWT","ALB","INLET","ALB_5IN","NaN",2018-07-19,"Ephemeroptera_ameletidae_ameletus",0
"546","NWT","GL5","LAKE","GL5_1W","WEST",2018-07-31,"Ephemeroptera_ameletidae_ameletus",0
"547","NWT","GL5","LAKE","GL5_2E","EAST",2018-07-31,"Ephemeroptera_ameletidae_ameletus",0
"548","NWT","GL5","INLET","GL5_3IN","NaN",2018-07-31,"Ephemeroptera_ameletidae_ameletus",0
"549","NWT","GL5","OUTLET","GL5_4OUT","NaN",2018-07-31,"Ephemeroptera_ameletidae_ameletus",0
"550","NWT","ALB","LAKE","ALB_1W","WEST",2018-08-02,"Ephemeroptera_ameletidae_ameletus",0
"551","NWT","ALB","LAKE","ALB_2W","WEST",2018-08-02,"Ephemeroptera_ameletidae_ameletus",0
"552","NWT","ALB","LAKE","ALB_3E","EAST",2018-08-02,"Ephemeroptera_ameletidae_ameletus",1
"553","NWT","ALB","LAKE","ALB_4E","EAST",2018-08-02,"Ephemeroptera_ameletidae_ameletus",0
"554","NWT","ALB","INLET","ALB_5IN","NaN",2018-08-02,"Ephemeroptera_ameletidae_ameletus",0
"555","NWT","GL4","LAKE","GL4_1E","EAST",2018-08-07,"Ephemeroptera_ameletidae_ameletus",1
"556","NWT","GL4","LAKE","GL4_2E","EAST",2018-08-07,"Ephemeroptera_ameletidae_ameletus",1
"557","NWT","GL4","INLET","GL4_3IN","NaN",2018-08-07,"Ephemeroptera_ameletidae_ameletus",9
"558","NWT","GL4","LAKE","GL4_4W","WEST",2018-08-07,"Ephemeroptera_ameletidae_ameletus",1
"559","NWT","GL4","LAKE","GL4_5W","WEST",2018-08-07,"Ephemeroptera_ameletidae_ameletus",5
"560","NWT","GL4","OUTLET","GL4_6OUT","NaN",2018-08-07,"Ephemeroptera_ameletidae_ameletus",0
"561","NWT","GL1","LAKE","GL1_2E","EAST",2018-08-09,"Ephemeroptera_ameletidae_ameletus",0
"562","NWT","GL1","LAKE","GL1_3E","EAST",2018-08-09,"Ephemeroptera_ameletidae_ameletus",0
"563","NWT","GL1","LAKE","GL1_5W","WEST",2018-08-09,"Ephemeroptera_ameletidae_ameletus",0
"564","NWT","GL1","LAKE","GL1_7W","WEST",2018-08-09,"Ephemeroptera_ameletidae_ameletus",0
"565","NWT","GL4","WATERFALL","GL4_waterfall_high","NaN",2018-08-07,"Ephemeroptera_ameletidae_ameletus",1
"566","NWT","GL4","WATERFALL","GL4_waterfall_low","NaN",2018-08-07,"Ephemeroptera_ameletidae_ameletus",5
"567","NWT","ALB_creek","CREEK","ALB_creek_aboveroad","NaN",2018-08-09,"Ephemeroptera_ameletidae_ameletus",11
"568","NWT","ALB_creek","CREEK","ALB_creek_aboveroad","NaN",2018-08-09,"Ephemeroptera_ameletidae_ameletus",10
"569","NWT","GL4","LAKE","GL4_1E","EAST",2018-08-21,"Ephemeroptera_ameletidae_ameletus",1
"570","NWT","GL4","INLET","GL4_3IN","NaN",2018-08-21,"Ephemeroptera_ameletidae_ameletus",34
"571","NWT","GL4","LAKE","GL4_5W","WEST",2018-08-21,"Ephemeroptera_ameletidae_ameletus",0
"572","NWT","GL4","OUTLET","GL4_6OUT","NaN",2018-08-21,"Ephemeroptera_ameletidae_ameletus",0
"573","NWT","GL4","LAKE","GL4_2E","EAST",2018-08-23,"Ephemeroptera_ameletidae_ameletus",0
"574","NWT","GL4","LAKE","GL4_4W","WEST",2018-08-23,"Ephemeroptera_ameletidae_ameletus",0
"575","NWT","GL4","WATERFALL","GL4_waterfall_high","NaN",2018-08-23,"Ephemeroptera_ameletidae_ameletus",2
"576","NWT","GL4","WATERFALL","GL4_waterfall_low","NaN",2018-08-23,"Ephemeroptera_ameletidae_ameletus",4
"577","NWT","GL1","LAKE","GL1_1E","EAST",2018-06-28,"Ephemeroptera_siphlonuridae",0
"578","NWT","GL1","LAKE","GL1_2E","EAST",2018-06-28,"Ephemeroptera_siphlonuridae",0
"579","NWT","GL1","LAKE","GL1_3E","EAST",2018-06-28,"Ephemeroptera_siphlonuridae",0
"580","NWT","GL1","LAKE","GL1_4E","EAST",2018-06-28,"Ephemeroptera_siphlonuridae",0
"581","NWT","GL1","LAKE","GL1_5W","WEST",2018-06-28,"Ephemeroptera_siphlonuridae",0
"582","NWT","GL1","LAKE","GL1_6W","WEST",2018-06-28,"Ephemeroptera_siphlonuridae",0
"583","NWT","GL1","LAKE","GL1_7W","WEST",2018-06-28,"Ephemeroptera_siphlonuridae",0
"584","NWT","GL4","LAKE","GL4_1E","EAST",2018-07-03,"Ephemeroptera_siphlonuridae",0
"585","NWT","GL4","LAKE","GL4_2E","EAST",2018-07-03,"Ephemeroptera_siphlonuridae",0
"586","NWT","GL4","INLET","GL4_3IN","NaN",2018-07-03,"Ephemeroptera_siphlonuridae",0
"587","NWT","GL4","LAKE","GL4_4W","WEST",2018-07-03,"Ephemeroptera_siphlonuridae",0
"588","NWT","GL4","LAKE","GL4_5W","WEST",2018-07-03,"Ephemeroptera_siphlonuridae",0
"589","NWT","GL4","OUTLET","GL4_6OUT","NaN",2018-07-03,"Ephemeroptera_siphlonuridae",0
"590","NWT","ALB","LAKE","ALB_1W","WEST",2018-07-05,"Ephemeroptera_siphlonuridae",0
"591","NWT","ALB","LAKE","ALB_2W","WEST",2018-07-05,"Ephemeroptera_siphlonuridae",0
"592","NWT","ALB","LAKE","ALB_3E","EAST",2018-07-05,"Ephemeroptera_siphlonuridae",0
"593","NWT","ALB","LAKE","ALB_4E","EAST",2018-07-05,"Ephemeroptera_siphlonuridae",0
"594","NWT","ALB","INLET","ALB_5IN","NaN",2018-07-05,"Ephemeroptera_siphlonuridae",0
"595","NWT","GL1","LAKE","GL1_2E","EAST",2018-07-12,"Ephemeroptera_siphlonuridae",0
"596","NWT","GL1","LAKE","GL1_3E","EAST",2018-07-12,"Ephemeroptera_siphlonuridae",0
"597","NWT","GL1","LAKE","GL1_5W","WEST",2018-07-12,"Ephemeroptera_siphlonuridae",0
"598","NWT","GL1","LAKE","GL1_7W","WEST",2018-07-12,"Ephemeroptera_siphlonuridae",0
"599","NWT","GL4","LAKE","GL4_1E","EAST",2018-07-17,"Ephemeroptera_siphlonuridae",0
"600","NWT","GL4","LAKE","GL4_2E","EAST",2018-07-17,"Ephemeroptera_siphlonuridae",0
"601","NWT","GL4","INLET","GL4_3IN","NaN",2018-07-17,"Ephemeroptera_siphlonuridae",0
"602","NWT","GL4","LAKE","GL4_4W","WEST",2018-07-17,"Ephemeroptera_siphlonuridae",0
"603","NWT","GL4","LAKE","GL4_5W","WEST",2018-07-17,"Ephemeroptera_siphlonuridae",0
"604","NWT","GL4","OUTLET","GL4_6OUT","NaN",2018-07-17,"Ephemeroptera_siphlonuridae",0
"605","NWT","ALB","LAKE","ALB_1W","WEST",2018-07-19,"Ephemeroptera_siphlonuridae",0
"606","NWT","ALB","LAKE","ALB_2W","WEST",2018-07-19,"Ephemeroptera_siphlonuridae",0
"607","NWT","ALB","LAKE","ALB_3E","EAST",2018-07-19,"Ephemeroptera_siphlonuridae",0
"608","NWT","ALB","LAKE","ALB_4E","EAST",2018-07-19,"Ephemeroptera_siphlonuridae",0
"609","NWT","ALB","INLET","ALB_5IN","NaN",2018-07-19,"Ephemeroptera_siphlonuridae",0
"610","NWT","GL5","LAKE","GL5_1W","WEST",2018-07-31,"Ephemeroptera_siphlonuridae",0
"611","NWT","GL5","LAKE","GL5_2E","EAST",2018-07-31,"Ephemeroptera_siphlonuridae",0
"612","NWT","GL5","INLET","GL5_3IN","NaN",2018-07-31,"Ephemeroptera_siphlonuridae",0
"613","NWT","GL5","OUTLET","GL5_4OUT","NaN",2018-07-31,"Ephemeroptera_siphlonuridae",0
"614","NWT","ALB","LAKE","ALB_1W","WEST",2018-08-02,"Ephemeroptera_siphlonuridae",0
"615","NWT","ALB","LAKE","ALB_2W","WEST",2018-08-02,"Ephemeroptera_siphlonuridae",0
"616","NWT","ALB","LAKE","ALB_3E","EAST",2018-08-02,"Ephemeroptera_siphlonuridae",0
"617","NWT","ALB","LAKE","ALB_4E","EAST",2018-08-02,"Ephemeroptera_siphlonuridae",0
"618","NWT","ALB","INLET","ALB_5IN","NaN",2018-08-02,"Ephemeroptera_siphlonuridae",0
"619","NWT","GL4","LAKE","GL4_1E","EAST",2018-08-07,"Ephemeroptera_siphlonuridae",0
"620","NWT","GL4","LAKE","GL4_2E","EAST",2018-08-07,"Ephemeroptera_siphlonuridae",0
"621","NWT","GL4","INLET","GL4_3IN","NaN",2018-08-07,"Ephemeroptera_siphlonuridae",0
"622","NWT","GL4","LAKE","GL4_4W","WEST",2018-08-07,"Ephemeroptera_siphlonuridae",0
"623","NWT","GL4","LAKE","GL4_5W","WEST",2018-08-07,"Ephemeroptera_siphlonuridae",0
"624","NWT","GL4","OUTLET","GL4_6OUT","NaN",2018-08-07,"Ephemeroptera_siphlonuridae",0
"625","NWT","GL1","LAKE","GL1_2E","EAST",2018-08-09,"Ephemeroptera_siphlonuridae",0
"626","NWT","GL1","LAKE","GL1_3E","EAST",2018-08-09,"Ephemeroptera_siphlonuridae",0
"627","NWT","GL1","LAKE","GL1_5W","WEST",2018-08-09,"Ephemeroptera_siphlonuridae",0
"628","NWT","GL1","LAKE","GL1_7W","WEST",2018-08-09,"Ephemeroptera_siphlonuridae",0
"629","NWT","GL4","WATERFALL","GL4_waterfall_high","NaN",2018-08-07,"Ephemeroptera_siphlonuridae",2
"630","NWT","GL4","WATERFALL","GL4_waterfall_low","NaN",2018-08-07,"Ephemeroptera_siphlonuridae",1
"631","NWT","ALB_creek","CREEK","ALB_creek_aboveroad","NaN",2018-08-09,"Ephemeroptera_siphlonuridae",0
"632","NWT","ALB_creek","CREEK","ALB_creek_aboveroad","NaN",2018-08-09,"Ephemeroptera_siphlonuridae",0
"633","NWT","GL4","LAKE","GL4_1E","EAST",2018-08-21,"Ephemeroptera_siphlonuridae",0
"634","NWT","GL4","INLET","GL4_3IN","NaN",2018-08-21,"Ephemeroptera_siphlonuridae",0
"635","NWT","GL4","LAKE","GL4_5W","WEST",2018-08-21,"Ephemeroptera_siphlonuridae",0
"636","NWT","GL4","OUTLET","GL4_6OUT","NaN",2018-08-21,"Ephemeroptera_siphlonuridae",0
"637","NWT","GL4","LAKE","GL4_2E","EAST",2018-08-23,"Ephemeroptera_siphlonuridae",0
"638","NWT","GL4","LAKE","GL4_4W","WEST",2018-08-23,"Ephemeroptera_siphlonuridae",0
"639","NWT","GL4","WATERFALL","GL4_waterfall_high","NaN",2018-08-23,"Ephemeroptera_siphlonuridae",3
"640","NWT","GL4","WATERFALL","GL4_waterfall_low","NaN",2018-08-23,"Ephemeroptera_siphlonuridae",0
"641","NWT","GL1","LAKE","GL1_1E","EAST",2018-06-28,"Coleoptera_dytiscidae",0
"642","NWT","GL1","LAKE","GL1_2E","EAST",2018-06-28,"Coleoptera_dytiscidae",0
"643","NWT","GL1","LAKE","GL1_3E","EAST",2018-06-28,"Coleoptera_dytiscidae",0
"644","NWT","GL1","LAKE","GL1_4E","EAST",2018-06-28,"Coleoptera_dytiscidae",0
"645","NWT","GL1","LAKE","GL1_5W","WEST",2018-06-28,"Coleoptera_dytiscidae",0
"646","NWT","GL1","LAKE","GL1_6W","WEST",2018-06-28,"Coleoptera_dytiscidae",0
"647","NWT","GL1","LAKE","GL1_7W","WEST",2018-06-28,"Coleoptera_dytiscidae",0
"648","NWT","GL4","LAKE","GL4_1E","EAST",2018-07-03,"Coleoptera_dytiscidae",0
"649","NWT","GL4","LAKE","GL4_2E","EAST",2018-07-03,"Coleoptera_dytiscidae",0
"650","NWT","GL4","INLET","GL4_3IN","NaN",2018-07-03,"Coleoptera_dytiscidae",0
"651","NWT","GL4","LAKE","GL4_4W","WEST",2018-07-03,"Coleoptera_dytiscidae",0
"652","NWT","GL4","LAKE","GL4_5W","WEST",2018-07-03,"Coleoptera_dytiscidae",0
"653","NWT","GL4","OUTLET","GL4_6OUT","NaN",2018-07-03,"Coleoptera_dytiscidae",0
"654","NWT","ALB","LAKE","ALB_1W","WEST",2018-07-05,"Coleoptera_dytiscidae",0
"655","NWT","ALB","LAKE","ALB_2W","WEST",2018-07-05,"Coleoptera_dytiscidae",0
"656","NWT","ALB","LAKE","ALB_3E","EAST",2018-07-05,"Coleoptera_dytiscidae",0
"657","NWT","ALB","LAKE","ALB_4E","EAST",2018-07-05,"Coleoptera_dytiscidae",0
"658","NWT","ALB","INLET","ALB_5IN","NaN",2018-07-05,"Coleoptera_dytiscidae",0
"659","NWT","GL1","LAKE","GL1_2E","EAST",2018-07-12,"Coleoptera_dytiscidae",0
"660","NWT","GL1","LAKE","GL1_3E","EAST",2018-07-12,"Coleoptera_dytiscidae",0
"661","NWT","GL1","LAKE","GL1_5W","WEST",2018-07-12,"Coleoptera_dytiscidae",0
"662","NWT","GL1","LAKE","GL1_7W","WEST",2018-07-12,"Coleoptera_dytiscidae",0
"663","NWT","GL4","LAKE","GL4_1E","EAST",2018-07-17,"Coleoptera_dytiscidae",1
"664","NWT","GL4","LAKE","GL4_2E","EAST",2018-07-17,"Coleoptera_dytiscidae",0
"665","NWT","GL4","INLET","GL4_3IN","NaN",2018-07-17,"Coleoptera_dytiscidae",0
"666","NWT","GL4","LAKE","GL4_4W","WEST",2018-07-17,"Coleoptera_dytiscidae",0
"667","NWT","GL4","LAKE","GL4_5W","WEST",2018-07-17,"Coleoptera_dytiscidae",0
"668","NWT","GL4","OUTLET","GL4_6OUT","NaN",2018-07-17,"Coleoptera_dytiscidae",0
"669","NWT","ALB","LAKE","ALB_1W","WEST",2018-07-19,"Coleoptera_dytiscidae",0
"670","NWT","ALB","LAKE","ALB_2W","WEST",2018-07-19,"Coleoptera_dytiscidae",0
"671","NWT","ALB","LAKE","ALB_3E","EAST",2018-07-19,"Coleoptera_dytiscidae",0
"672","NWT","ALB","LAKE","ALB_4E","EAST",2018-07-19,"Coleoptera_dytiscidae",0
"673","NWT","ALB","INLET","ALB_5IN","NaN",2018-07-19,"Coleoptera_dytiscidae",0
"674","NWT","GL5","LAKE","GL5_1W","WEST",2018-07-31,"Coleoptera_dytiscidae",0
"675","NWT","GL5","LAKE","GL5_2E","EAST",2018-07-31,"Coleoptera_dytiscidae",0
"676","NWT","GL5","INLET","GL5_3IN","NaN",2018-07-31,"Coleoptera_dytiscidae",0
"677","NWT","GL5","OUTLET","GL5_4OUT","NaN",2018-07-31,"Coleoptera_dytiscidae",0
"678","NWT","ALB","LAKE","ALB_1W","WEST",2018-08-02,"Coleoptera_dytiscidae",0
"679","NWT","ALB","LAKE","ALB_2W","WEST",2018-08-02,"Coleoptera_dytiscidae",0
"680","NWT","ALB","LAKE","ALB_3E","EAST",2018-08-02,"Coleoptera_dytiscidae",0
"681","NWT","ALB","LAKE","ALB_4E","EAST",2018-08-02,"Coleoptera_dytiscidae",0
"682","NWT","ALB","INLET","ALB_5IN","NaN",2018-08-02,"Coleoptera_dytiscidae",0
"683","NWT","GL4","LAKE","GL4_1E","EAST",2018-08-07,"Coleoptera_dytiscidae",0
"684","NWT","GL4","LAKE","GL4_2E","EAST",2018-08-07,"Coleoptera_dytiscidae",0
"685","NWT","GL4","INLET","GL4_3IN","NaN",2018-08-07,"Coleoptera_dytiscidae",0
"686","NWT","GL4","LAKE","GL4_4W","WEST",2018-08-07,"Coleoptera_dytiscidae",0
"687","NWT","GL4","LAKE","GL4_5W","WEST",2018-08-07,"Coleoptera_dytiscidae",0
"688","NWT","GL4","OUTLET","GL4_6OUT","NaN",2018-08-07,"Coleoptera_dytiscidae",0
"689","NWT","GL1","LAKE","GL1_2E","EAST",2018-08-09,"Coleoptera_dytiscidae",0
"690","NWT","GL1","LAKE","GL1_3E","EAST",2018-08-09,"Coleoptera_dytiscidae",0
"691","NWT","GL1","LAKE","GL1_5W","WEST",2018-08-09,"Coleoptera_dytiscidae",0
"692","NWT","GL1","LAKE","GL1_7W","WEST",2018-08-09,"Coleoptera_dytiscidae",0
"693","NWT","GL4","WATERFALL","GL4_waterfall_high","NaN",2018-08-07,"Coleoptera_dytiscidae",0
"694","NWT","GL4","WATERFALL","GL4_waterfall_low","NaN",2018-08-07,"Coleoptera_dytiscidae",0
"695","NWT","ALB_creek","CREEK","ALB_creek_aboveroad","NaN",2018-08-09,"Coleoptera_dytiscidae",0
"696","NWT","ALB_creek","CREEK","ALB_creek_aboveroad","NaN",2018-08-09,"Coleoptera_dytiscidae",0
"697","NWT","GL4","LAKE","GL4_1E","EAST",2018-08-21,"Coleoptera_dytiscidae",0
"698","NWT","GL4","INLET","GL4_3IN","NaN",2018-08-21,"Coleoptera_dytiscidae",0
"699","NWT","GL4","LAKE","GL4_5W","WEST",2018-08-21,"Coleoptera_dytiscidae",0
"700","NWT","GL4","OUTLET","GL4_6OUT","NaN",2018-08-21,"Coleoptera_dytiscidae",0
"701","NWT","GL4","LAKE","GL4_2E","EAST",2018-08-23,"Coleoptera_dytiscidae",0
"702","NWT","GL4","LAKE","GL4_4W","WEST",2018-08-23,"Coleoptera_dytiscidae",0
"703","NWT","GL4","WATERFALL","GL4_waterfall_high","NaN",2018-08-23,"Coleoptera_dytiscidae",0
"704","NWT","GL4","WATERFALL","GL4_waterfall_low","NaN",2018-08-23,"Coleoptera_dytiscidae",0
"705","NWT","GL1","LAKE","GL1_1E","EAST",2018-06-28,"Plecoptera_perlidae_claassenia_",0
"706","NWT","GL1","LAKE","GL1_2E","EAST",2018-06-28,"Plecoptera_perlidae_claassenia_",0
"707","NWT","GL1","LAKE","GL1_3E","EAST",2018-06-28,"Plecoptera_perlidae_claassenia_",0
"708","NWT","GL1","LAKE","GL1_4E","EAST",2018-06-28,"Plecoptera_perlidae_claassenia_",0
"709","NWT","GL1","LAKE","GL1_5W","WEST",2018-06-28,"Plecoptera_perlidae_claassenia_",0
"710","NWT","GL1","LAKE","GL1_6W","WEST",2018-06-28,"Plecoptera_perlidae_claassenia_",0
"711","NWT","GL1","LAKE","GL1_7W","WEST",2018-06-28,"Plecoptera_perlidae_claassenia_",0
"712","NWT","GL4","LAKE","GL4_1E","EAST",2018-07-03,"Plecoptera_perlidae_claassenia_",0
"713","NWT","GL4","LAKE","GL4_2E","EAST",2018-07-03,"Plecoptera_perlidae_claassenia_",0
"714","NWT","GL4","INLET","GL4_3IN","NaN",2018-07-03,"Plecoptera_perlidae_claassenia_",0
"715","NWT","GL4","LAKE","GL4_4W","WEST",2018-07-03,"Plecoptera_perlidae_claassenia_",0
"716","NWT","GL4","LAKE","GL4_5W","WEST",2018-07-03,"Plecoptera_perlidae_claassenia_",0
"717","NWT","GL4","OUTLET","GL4_6OUT","NaN",2018-07-03,"Plecoptera_perlidae_claassenia_",0
"718","NWT","ALB","LAKE","ALB_1W","WEST",2018-07-05,"Plecoptera_perlidae_claassenia_",0
"719","NWT","ALB","LAKE","ALB_2W","WEST",2018-07-05,"Plecoptera_perlidae_claassenia_",0
"720","NWT","ALB","LAKE","ALB_3E","EAST",2018-07-05,"Plecoptera_perlidae_claassenia_",0
"721","NWT","ALB","LAKE","ALB_4E","EAST",2018-07-05,"Plecoptera_perlidae_claassenia_",0
"722","NWT","ALB","INLET","ALB_5IN","NaN",2018-07-05,"Plecoptera_perlidae_claassenia_",0
"723","NWT","GL1","LAKE","GL1_2E","EAST",2018-07-12,"Plecoptera_perlidae_claassenia_",0
"724","NWT","GL1","LAKE","GL1_3E","EAST",2018-07-12,"Plecoptera_perlidae_claassenia_",0
"725","NWT","GL1","LAKE","GL1_5W","WEST",2018-07-12,"Plecoptera_perlidae_claassenia_",0
"726","NWT","GL1","LAKE","GL1_7W","WEST",2018-07-12,"Plecoptera_perlidae_claassenia_",0
"727","NWT","GL4","LAKE","GL4_1E","EAST",2018-07-17,"Plecoptera_perlidae_claassenia_",0
"728","NWT","GL4","LAKE","GL4_2E","EAST",2018-07-17,"Plecoptera_perlidae_claassenia_",0
"729","NWT","GL4","INLET","GL4_3IN","NaN",2018-07-17,"Plecoptera_perlidae_claassenia_",0
"730","NWT","GL4","LAKE","GL4_4W","WEST",2018-07-17,"Plecoptera_perlidae_claassenia_",0
"731","NWT","GL4","LAKE","GL4_5W","WEST",2018-07-17,"Plecoptera_perlidae_claassenia_",0
"732","NWT","GL4","OUTLET","GL4_6OUT","NaN",2018-07-17,"Plecoptera_perlidae_claassenia_",0
"733","NWT","ALB","LAKE","ALB_1W","WEST",2018-07-19,"Plecoptera_perlidae_claassenia_",0
"734","NWT","ALB","LAKE","ALB_2W","WEST",2018-07-19,"Plecoptera_perlidae_claassenia_",0
"735","NWT","ALB","LAKE","ALB_3E","EAST",2018-07-19,"Plecoptera_perlidae_claassenia_",0
"736","NWT","ALB","LAKE","ALB_4E","EAST",2018-07-19,"Plecoptera_perlidae_claassenia_",0
"737","NWT","ALB","INLET","ALB_5IN","NaN",2018-07-19,"Plecoptera_perlidae_claassenia_",0
"738","NWT","GL5","LAKE","GL5_1W","WEST",2018-07-31,"Plecoptera_perlidae_claassenia_",0
"739","NWT","GL5","LAKE","GL5_2E","EAST",2018-07-31,"Plecoptera_perlidae_claassenia_",0
"740","NWT","GL5","INLET","GL5_3IN","NaN",2018-07-31,"Plecoptera_perlidae_claassenia_",0
"741","NWT","GL5","OUTLET","GL5_4OUT","NaN",2018-07-31,"Plecoptera_perlidae_claassenia_",0
"742","NWT","ALB","LAKE","ALB_1W","WEST",2018-08-02,"Plecoptera_perlidae_claassenia_",0
"743","NWT","ALB","LAKE","ALB_2W","WEST",2018-08-02,"Plecoptera_perlidae_claassenia_",0
"744","NWT","ALB","LAKE","ALB_3E","EAST",2018-08-02,"Plecoptera_perlidae_claassenia_",0
"745","NWT","ALB","LAKE","ALB_4E","EAST",2018-08-02,"Plecoptera_perlidae_claassenia_",0
"746","NWT","ALB","INLET","ALB_5IN","NaN",2018-08-02,"Plecoptera_perlidae_claassenia_",0
"747","NWT","GL4","LAKE","GL4_1E","EAST",2018-08-07,"Plecoptera_perlidae_claassenia_",0
"748","NWT","GL4","LAKE","GL4_2E","EAST",2018-08-07,"Plecoptera_perlidae_claassenia_",0
"749","NWT","GL4","INLET","GL4_3IN","NaN",2018-08-07,"Plecoptera_perlidae_claassenia_",0
"750","NWT","GL4","LAKE","GL4_4W","WEST",2018-08-07,"Plecoptera_perlidae_claassenia_",0
"751","NWT","GL4","LAKE","GL4_5W","WEST",2018-08-07,"Plecoptera_perlidae_claassenia_",0
"752","NWT","GL4","OUTLET","GL4_6OUT","NaN",2018-08-07,"Plecoptera_perlidae_claassenia_",0
"753","NWT","GL1","LAKE","GL1_2E","EAST",2018-08-09,"Plecoptera_perlidae_claassenia_",0
"754","NWT","GL1","LAKE","GL1_3E","EAST",2018-08-09,"Plecoptera_perlidae_claassenia_",0
"755","NWT","GL1","LAKE","GL1_5W","WEST",2018-08-09,"Plecoptera_perlidae_claassenia_",0
"756","NWT","GL1","LAKE","GL1_7W","WEST",2018-08-09,"Plecoptera_perlidae_claassenia_",0
"757","NWT","GL4","WATERFALL","GL4_waterfall_high","NaN",2018-08-07,"Plecoptera_perlidae_claassenia_",0
"758","NWT","GL4","WATERFALL","GL4_waterfall_low","NaN",2018-08-07,"Plecoptera_perlidae_claassenia_",0
"759","NWT","ALB_creek","CREEK","ALB_creek_aboveroad","NaN",2018-08-09,"Plecoptera_perlidae_claassenia_",11
"760","NWT","ALB_creek","CREEK","ALB_creek_aboveroad","NaN",2018-08-09,"Plecoptera_perlidae_claassenia_",0
"761","NWT","GL4","LAKE","GL4_1E","EAST",2018-08-21,"Plecoptera_perlidae_claassenia_",0
"762","NWT","GL4","INLET","GL4_3IN","NaN",2018-08-21,"Plecoptera_perlidae_claassenia_",0
"763","NWT","GL4","LAKE","GL4_5W","WEST",2018-08-21,"Plecoptera_perlidae_claassenia_",0
"764","NWT","GL4","OUTLET","GL4_6OUT","NaN",2018-08-21,"Plecoptera_perlidae_claassenia_",0
"765","NWT","GL4","LAKE","GL4_2E","EAST",2018-08-23,"Plecoptera_perlidae_claassenia_",0
"766","NWT","GL4","LAKE","GL4_4W","WEST",2018-08-23,"Plecoptera_perlidae_claassenia_",0
"767","NWT","GL4","WATERFALL","GL4_waterfall_high","NaN",2018-08-23,"Plecoptera_perlidae_claassenia_",0
"768","NWT","GL4","WATERFALL","GL4_waterfall_low","NaN",2018-08-23,"Plecoptera_perlidae_claassenia_",0
"769","NWT","GL1","LAKE","GL1_1E","EAST",2018-06-28,"Plecoptera_perlodidae",0
"770","NWT","GL1","LAKE","GL1_2E","EAST",2018-06-28,"Plecoptera_perlodidae",0
"771","NWT","GL1","LAKE","GL1_3E","EAST",2018-06-28,"Plecoptera_perlodidae",0
"772","NWT","GL1","LAKE","GL1_4E","EAST",2018-06-28,"Plecoptera_perlodidae",0
"773","NWT","GL1","LAKE","GL1_5W","WEST",2018-06-28,"Plecoptera_perlodidae",0
"774","NWT","GL1","LAKE","GL1_6W","WEST",2018-06-28,"Plecoptera_perlodidae",0
"775","NWT","GL1","LAKE","GL1_7W","WEST",2018-06-28,"Plecoptera_perlodidae",0
"776","NWT","GL4","LAKE","GL4_1E","EAST",2018-07-03,"Plecoptera_perlodidae",0
"777","NWT","GL4","LAKE","GL4_2E","EAST",2018-07-03,"Plecoptera_perlodidae",0
"778","NWT","GL4","INLET","GL4_3IN","NaN",2018-07-03,"Plecoptera_perlodidae",0
"779","NWT","GL4","LAKE","GL4_4W","WEST",2018-07-03,"Plecoptera_perlodidae",0
"780","NWT","GL4","LAKE","GL4_5W","WEST",2018-07-03,"Plecoptera_perlodidae",0
"781","NWT","GL4","OUTLET","GL4_6OUT","NaN",2018-07-03,"Plecoptera_perlodidae",0
"782","NWT","ALB","LAKE","ALB_1W","WEST",2018-07-05,"Plecoptera_perlodidae",0
"783","NWT","ALB","LAKE","ALB_2W","WEST",2018-07-05,"Plecoptera_perlodidae",0
"784","NWT","ALB","LAKE","ALB_3E","EAST",2018-07-05,"Plecoptera_perlodidae",0
"785","NWT","ALB","LAKE","ALB_4E","EAST",2018-07-05,"Plecoptera_perlodidae",0
"786","NWT","ALB","INLET","ALB_5IN","NaN",2018-07-05,"Plecoptera_perlodidae",0
"787","NWT","GL1","LAKE","GL1_2E","EAST",2018-07-12,"Plecoptera_perlodidae",0
"788","NWT","GL1","LAKE","GL1_3E","EAST",2018-07-12,"Plecoptera_perlodidae",0
"789","NWT","GL1","LAKE","GL1_5W","WEST",2018-07-12,"Plecoptera_perlodidae",0
"790","NWT","GL1","LAKE","GL1_7W","WEST",2018-07-12,"Plecoptera_perlodidae",0
"791","NWT","GL4","LAKE","GL4_1E","EAST",2018-07-17,"Plecoptera_perlodidae",0
"792","NWT","GL4","LAKE","GL4_2E","EAST",2018-07-17,"Plecoptera_perlodidae",0
"793","NWT","GL4","INLET","GL4_3IN","NaN",2018-07-17,"Plecoptera_perlodidae",0
"794","NWT","GL4","LAKE","GL4_4W","WEST",2018-07-17,"Plecoptera_perlodidae",0
"795","NWT","GL4","LAKE","GL4_5W","WEST",2018-07-17,"Plecoptera_perlodidae",0
"796","NWT","GL4","OUTLET","GL4_6OUT","NaN",2018-07-17,"Plecoptera_perlodidae",1
"797","NWT","ALB","LAKE","ALB_1W","WEST",2018-07-19,"Plecoptera_perlodidae",0
"798","NWT","ALB","LAKE","ALB_2W","WEST",2018-07-19,"Plecoptera_perlodidae",0
"799","NWT","ALB","LAKE","ALB_3E","EAST",2018-07-19,"Plecoptera_perlodidae",0
"800","NWT","ALB","LAKE","ALB_4E","EAST",2018-07-19,"Plecoptera_perlodidae",0
"801","NWT","ALB","INLET","ALB_5IN","NaN",2018-07-19,"Plecoptera_perlodidae",0
"802","NWT","GL5","LAKE","GL5_1W","WEST",2018-07-31,"Plecoptera_perlodidae",0
"803","NWT","GL5","LAKE","GL5_2E","EAST",2018-07-31,"Plecoptera_perlodidae",1
"804","NWT","GL5","INLET","GL5_3IN","NaN",2018-07-31,"Plecoptera_perlodidae",1
"805","NWT","GL5","OUTLET","GL5_4OUT","NaN",2018-07-31,"Plecoptera_perlodidae",1
"806","NWT","ALB","LAKE","ALB_1W","WEST",2018-08-02,"Plecoptera_perlodidae",0
"807","NWT","ALB","LAKE","ALB_2W","WEST",2018-08-02,"Plecoptera_perlodidae",0
"808","NWT","ALB","LAKE","ALB_3E","EAST",2018-08-02,"Plecoptera_perlodidae",0
"809","NWT","ALB","LAKE","ALB_4E","EAST",2018-08-02,"Plecoptera_perlodidae",0
"810","NWT","ALB","INLET","ALB_5IN","NaN",2018-08-02,"Plecoptera_perlodidae",4
"811","NWT","GL4","LAKE","GL4_1E","EAST",2018-08-07,"Plecoptera_perlodidae",0
"812","NWT","GL4","LAKE","GL4_2E","EAST",2018-08-07,"Plecoptera_perlodidae",0
"813","NWT","GL4","INLET","GL4_3IN","NaN",2018-08-07,"Plecoptera_perlodidae",1
"814","NWT","GL4","LAKE","GL4_4W","WEST",2018-08-07,"Plecoptera_perlodidae",0
"815","NWT","GL4","LAKE","GL4_5W","WEST",2018-08-07,"Plecoptera_perlodidae",0
"816","NWT","GL4","OUTLET","GL4_6OUT","NaN",2018-08-07,"Plecoptera_perlodidae",0
"817","NWT","GL1","LAKE","GL1_2E","EAST",2018-08-09,"Plecoptera_perlodidae",0
"818","NWT","GL1","LAKE","GL1_3E","EAST",2018-08-09,"Plecoptera_perlodidae",0
"819","NWT","GL1","LAKE","GL1_5W","WEST",2018-08-09,"Plecoptera_perlodidae",0
"820","NWT","GL1","LAKE","GL1_7W","WEST",2018-08-09,"Plecoptera_perlodidae",0
"821","NWT","GL4","WATERFALL","GL4_waterfall_high","NaN",2018-08-07,"Plecoptera_perlodidae",0
"822","NWT","GL4","WATERFALL","GL4_waterfall_low","NaN",2018-08-07,"Plecoptera_perlodidae",1
"823","NWT","ALB_creek","CREEK","ALB_creek_aboveroad","NaN",2018-08-09,"Plecoptera_perlodidae",0
"824","NWT","ALB_creek","CREEK","ALB_creek_aboveroad","NaN",2018-08-09,"Plecoptera_perlodidae",3
"825","NWT","GL4","LAKE","GL4_1E","EAST",2018-08-21,"Plecoptera_perlodidae",0
"826","NWT","GL4","INLET","GL4_3IN","NaN",2018-08-21,"Plecoptera_perlodidae",0
"827","NWT","GL4","LAKE","GL4_5W","WEST",2018-08-21,"Plecoptera_perlodidae",0
"828","NWT","GL4","OUTLET","GL4_6OUT","NaN",2018-08-21,"Plecoptera_perlodidae",0
"829","NWT","GL4","LAKE","GL4_2E","EAST",2018-08-23,"Plecoptera_perlodidae",0
"830","NWT","GL4","LAKE","GL4_4W","WEST",2018-08-23,"Plecoptera_perlodidae",0
"831","NWT","GL4","WATERFALL","GL4_waterfall_high","NaN",2018-08-23,"Plecoptera_perlodidae",0
"832","NWT","GL4","WATERFALL","GL4_waterfall_low","NaN",2018-08-23,"Plecoptera_perlodidae",0
"833","NWT","GL1","LAKE","GL1_1E","EAST",2018-06-28,"Plecoptera_chloroperlidae",0
"834","NWT","GL1","LAKE","GL1_2E","EAST",2018-06-28,"Plecoptera_chloroperlidae",0
"835","NWT","GL1","LAKE","GL1_3E","EAST",2018-06-28,"Plecoptera_chloroperlidae",0
"836","NWT","GL1","LAKE","GL1_4E","EAST",2018-06-28,"Plecoptera_chloroperlidae",0
"837","NWT","GL1","LAKE","GL1_5W","WEST",2018-06-28,"Plecoptera_chloroperlidae",0
"838","NWT","GL1","LAKE","GL1_6W","WEST",2018-06-28,"Plecoptera_chloroperlidae",0
"839","NWT","GL1","LAKE","GL1_7W","WEST",2018-06-28,"Plecoptera_chloroperlidae",0
"840","NWT","GL4","LAKE","GL4_1E","EAST",2018-07-03,"Plecoptera_chloroperlidae",0
"841","NWT","GL4","LAKE","GL4_2E","EAST",2018-07-03,"Plecoptera_chloroperlidae",0
"842","NWT","GL4","INLET","GL4_3IN","NaN",2018-07-03,"Plecoptera_chloroperlidae",0
"843","NWT","GL4","LAKE","GL4_4W","WEST",2018-07-03,"Plecoptera_chloroperlidae",0
"844","NWT","GL4","LAKE","GL4_5W","WEST",2018-07-03,"Plecoptera_chloroperlidae",0
"845","NWT","GL4","OUTLET","GL4_6OUT","NaN",2018-07-03,"Plecoptera_chloroperlidae",0
"846","NWT","ALB","LAKE","ALB_1W","WEST",2018-07-05,"Plecoptera_chloroperlidae",0
"847","NWT","ALB","LAKE","ALB_2W","WEST",2018-07-05,"Plecoptera_chloroperlidae",0
"848","NWT","ALB","LAKE","ALB_3E","EAST",2018-07-05,"Plecoptera_chloroperlidae",0
"849","NWT","ALB","LAKE","ALB_4E","EAST",2018-07-05,"Plecoptera_chloroperlidae",0
"850","NWT","ALB","INLET","ALB_5IN","NaN",2018-07-05,"Plecoptera_chloroperlidae",0
"851","NWT","GL1","LAKE","GL1_2E","EAST",2018-07-12,"Plecoptera_chloroperlidae",0
"852","NWT","GL1","LAKE","GL1_3E","EAST",2018-07-12,"Plecoptera_chloroperlidae",0
"853","NWT","GL1","LAKE","GL1_5W","WEST",2018-07-12,"Plecoptera_chloroperlidae",0
"854","NWT","GL1","LAKE","GL1_7W","WEST",2018-07-12,"Plecoptera_chloroperlidae",0
"855","NWT","GL4","LAKE","GL4_1E","EAST",2018-07-17,"Plecoptera_chloroperlidae",0
"856","NWT","GL4","LAKE","GL4_2E","EAST",2018-07-17,"Plecoptera_chloroperlidae",0
"857","NWT","GL4","INLET","GL4_3IN","NaN",2018-07-17,"Plecoptera_chloroperlidae",0
"858","NWT","GL4","LAKE","GL4_4W","WEST",2018-07-17,"Plecoptera_chloroperlidae",0
"859","NWT","GL4","LAKE","GL4_5W","WEST",2018-07-17,"Plecoptera_chloroperlidae",0
"860","NWT","GL4","OUTLET","GL4_6OUT","NaN",2018-07-17,"Plecoptera_chloroperlidae",0
"861","NWT","ALB","LAKE","ALB_1W","WEST",2018-07-19,"Plecoptera_chloroperlidae",0
"862","NWT","ALB","LAKE","ALB_2W","WEST",2018-07-19,"Plecoptera_chloroperlidae",0
"863","NWT","ALB","LAKE","ALB_3E","EAST",2018-07-19,"Plecoptera_chloroperlidae",0
"864","NWT","ALB","LAKE","ALB_4E","EAST",2018-07-19,"Plecoptera_chloroperlidae",0
"865","NWT","ALB","INLET","ALB_5IN","NaN",2018-07-19,"Plecoptera_chloroperlidae",0
"866","NWT","GL5","LAKE","GL5_1W","WEST",2018-07-31,"Plecoptera_chloroperlidae",0
"867","NWT","GL5","LAKE","GL5_2E","EAST",2018-07-31,"Plecoptera_chloroperlidae",0
"868","NWT","GL5","INLET","GL5_3IN","NaN",2018-07-31,"Plecoptera_chloroperlidae",0
"869","NWT","GL5","OUTLET","GL5_4OUT","NaN",2018-07-31,"Plecoptera_chloroperlidae",0
"870","NWT","ALB","LAKE","ALB_1W","WEST",2018-08-02,"Plecoptera_chloroperlidae",0
"871","NWT","ALB","LAKE","ALB_2W","WEST",2018-08-02,"Plecoptera_chloroperlidae",0
"872","NWT","ALB","LAKE","ALB_3E","EAST",2018-08-02,"Plecoptera_chloroperlidae",0
"873","NWT","ALB","LAKE","ALB_4E","EAST",2018-08-02,"Plecoptera_chloroperlidae",0
"874","NWT","ALB","INLET","ALB_5IN","NaN",2018-08-02,"Plecoptera_chloroperlidae",0
"875","NWT","GL4","LAKE","GL4_1E","EAST",2018-08-07,"Plecoptera_chloroperlidae",0
"876","NWT","GL4","LAKE","GL4_2E","EAST",2018-08-07,"Plecoptera_chloroperlidae",0
"877","NWT","GL4","INLET","GL4_3IN","NaN",2018-08-07,"Plecoptera_chloroperlidae",0
"878","NWT","GL4","LAKE","GL4_4W","WEST",2018-08-07,"Plecoptera_chloroperlidae",0
"879","NWT","GL4","LAKE","GL4_5W","WEST",2018-08-07,"Plecoptera_chloroperlidae",0
"880","NWT","GL4","OUTLET","GL4_6OUT","NaN",2018-08-07,"Plecoptera_chloroperlidae",0
"881","NWT","GL1","LAKE","GL1_2E","EAST",2018-08-09,"Plecoptera_chloroperlidae",0
"882","NWT","GL1","LAKE","GL1_3E","EAST",2018-08-09,"Plecoptera_chloroperlidae",0
"883","NWT","GL1","LAKE","GL1_5W","WEST",2018-08-09,"Plecoptera_chloroperlidae",0
"884","NWT","GL1","LAKE","GL1_7W","WEST",2018-08-09,"Plecoptera_chloroperlidae",0
"885","NWT","GL4","WATERFALL","GL4_waterfall_high","NaN",2018-08-07,"Plecoptera_chloroperlidae",0
"886","NWT","GL4","WATERFALL","GL4_waterfall_low","NaN",2018-08-07,"Plecoptera_chloroperlidae",0
"887","NWT","ALB_creek","CREEK","ALB_creek_aboveroad","NaN",2018-08-09,"Plecoptera_chloroperlidae",10
"888","NWT","ALB_creek","CREEK","ALB_creek_aboveroad","NaN",2018-08-09,"Plecoptera_chloroperlidae",6
"889","NWT","GL4","LAKE","GL4_1E","EAST",2018-08-21,"Plecoptera_chloroperlidae",0
"890","NWT","GL4","INLET","GL4_3IN","NaN",2018-08-21,"Plecoptera_chloroperlidae",0
"891","NWT","GL4","LAKE","GL4_5W","WEST",2018-08-21,"Plecoptera_chloroperlidae",0
"892","NWT","GL4","OUTLET","GL4_6OUT","NaN",2018-08-21,"Plecoptera_chloroperlidae",0
"893","NWT","GL4","LAKE","GL4_2E","EAST",2018-08-23,"Plecoptera_chloroperlidae",0
"894","NWT","GL4","LAKE","GL4_4W","WEST",2018-08-23,"Plecoptera_chloroperlidae",0
"895","NWT","GL4","WATERFALL","GL4_waterfall_high","NaN",2018-08-23,"Plecoptera_chloroperlidae",0
"896","NWT","GL4","WATERFALL","GL4_waterfall_low","NaN",2018-08-23,"Plecoptera_chloroperlidae",0
"897","NWT","GL1","LAKE","GL1_1E","EAST",2018-06-28,"Rhynchobdellida_glossiphoniidae",0
"898","NWT","GL1","LAKE","GL1_2E","EAST",2018-06-28,"Rhynchobdellida_glossiphoniidae",0
"899","NWT","GL1","LAKE","GL1_3E","EAST",2018-06-28,"Rhynchobdellida_glossiphoniidae",0
"900","NWT","GL1","LAKE","GL1_4E","EAST",2018-06-28,"Rhynchobdellida_glossiphoniidae",0
"901","NWT","GL1","LAKE","GL1_5W","WEST",2018-06-28,"Rhynchobdellida_glossiphoniidae",0
"902","NWT","GL1","LAKE","GL1_6W","WEST",2018-06-28,"Rhynchobdellida_glossiphoniidae",0
"903","NWT","GL1","LAKE","GL1_7W","WEST",2018-06-28,"Rhynchobdellida_glossiphoniidae",0
"904","NWT","GL4","LAKE","GL4_1E","EAST",2018-07-03,"Rhynchobdellida_glossiphoniidae",0
"905","NWT","GL4","LAKE","GL4_2E","EAST",2018-07-03,"Rhynchobdellida_glossiphoniidae",0
"906","NWT","GL4","INLET","GL4_3IN","NaN",2018-07-03,"Rhynchobdellida_glossiphoniidae",0
"907","NWT","GL4","LAKE","GL4_4W","WEST",2018-07-03,"Rhynchobdellida_glossiphoniidae",0
"908","NWT","GL4","LAKE","GL4_5W","WEST",2018-07-03,"Rhynchobdellida_glossiphoniidae",0
"909","NWT","GL4","OUTLET","GL4_6OUT","NaN",2018-07-03,"Rhynchobdellida_glossiphoniidae",0
"910","NWT","ALB","LAKE","ALB_1W","WEST",2018-07-05,"Rhynchobdellida_glossiphoniidae",0
"911","NWT","ALB","LAKE","ALB_2W","WEST",2018-07-05,"Rhynchobdellida_glossiphoniidae",0
"912","NWT","ALB","LAKE","ALB_3E","EAST",2018-07-05,"Rhynchobdellida_glossiphoniidae",0
"913","NWT","ALB","LAKE","ALB_4E","EAST",2018-07-05,"Rhynchobdellida_glossiphoniidae",0
"914","NWT","ALB","INLET","ALB_5IN","NaN",2018-07-05,"Rhynchobdellida_glossiphoniidae",0
"915","NWT","GL1","LAKE","GL1_2E","EAST",2018-07-12,"Rhynchobdellida_glossiphoniidae",0
"916","NWT","GL1","LAKE","GL1_3E","EAST",2018-07-12,"Rhynchobdellida_glossiphoniidae",0
"917","NWT","GL1","LAKE","GL1_5W","WEST",2018-07-12,"Rhynchobdellida_glossiphoniidae",0
"918","NWT","GL1","LAKE","GL1_7W","WEST",2018-07-12,"Rhynchobdellida_glossiphoniidae",0
"919","NWT","GL4","LAKE","GL4_1E","EAST",2018-07-17,"Rhynchobdellida_glossiphoniidae",0
"920","NWT","GL4","LAKE","GL4_2E","EAST",2018-07-17,"Rhynchobdellida_glossiphoniidae",0
"921","NWT","GL4","INLET","GL4_3IN","NaN",2018-07-17,"Rhynchobdellida_glossiphoniidae",0
"922","NWT","GL4","LAKE","GL4_4W","WEST",2018-07-17,"Rhynchobdellida_glossiphoniidae",0
"923","NWT","GL4","LAKE","GL4_5W","WEST",2018-07-17,"Rhynchobdellida_glossiphoniidae",0
"924","NWT","GL4","OUTLET","GL4_6OUT","NaN",2018-07-17,"Rhynchobdellida_glossiphoniidae",0
"925","NWT","ALB","LAKE","ALB_1W","WEST",2018-07-19,"Rhynchobdellida_glossiphoniidae",0
"926","NWT","ALB","LAKE","ALB_2W","WEST",2018-07-19,"Rhynchobdellida_glossiphoniidae",0
"927","NWT","ALB","LAKE","ALB_3E","EAST",2018-07-19,"Rhynchobdellida_glossiphoniidae",0
"928","NWT","ALB","LAKE","ALB_4E","EAST",2018-07-19,"Rhynchobdellida_glossiphoniidae",0
"929","NWT","ALB","INLET","ALB_5IN","NaN",2018-07-19,"Rhynchobdellida_glossiphoniidae",0
"930","NWT","GL5","LAKE","GL5_1W","WEST",2018-07-31,"Rhynchobdellida_glossiphoniidae",4
"931","NWT","GL5","LAKE","GL5_2E","EAST",2018-07-31,"Rhynchobdellida_glossiphoniidae",0
"932","NWT","GL5","INLET","GL5_3IN","NaN",2018-07-31,"Rhynchobdellida_glossiphoniidae",23
"933","NWT","GL5","OUTLET","GL5_4OUT","NaN",2018-07-31,"Rhynchobdellida_glossiphoniidae",0
"934","NWT","ALB","LAKE","ALB_1W","WEST",2018-08-02,"Rhynchobdellida_glossiphoniidae",0
"935","NWT","ALB","LAKE","ALB_2W","WEST",2018-08-02,"Rhynchobdellida_glossiphoniidae",0
"936","NWT","ALB","LAKE","ALB_3E","EAST",2018-08-02,"Rhynchobdellida_glossiphoniidae",0
"937","NWT","ALB","LAKE","ALB_4E","EAST",2018-08-02,"Rhynchobdellida_glossiphoniidae",0
"938","NWT","ALB","INLET","ALB_5IN","NaN",2018-08-02,"Rhynchobdellida_glossiphoniidae",0
"939","NWT","GL4","LAKE","GL4_1E","EAST",2018-08-07,"Rhynchobdellida_glossiphoniidae",1
"940","NWT","GL4","LAKE","GL4_2E","EAST",2018-08-07,"Rhynchobdellida_glossiphoniidae",0
"941","NWT","GL4","INLET","GL4_3IN","NaN",2018-08-07,"Rhynchobdellida_glossiphoniidae",0
"942","NWT","GL4","LAKE","GL4_4W","WEST",2018-08-07,"Rhynchobdellida_glossiphoniidae",0
"943","NWT","GL4","LAKE","GL4_5W","WEST",2018-08-07,"Rhynchobdellida_glossiphoniidae",0
"944","NWT","GL4","OUTLET","GL4_6OUT","NaN",2018-08-07,"Rhynchobdellida_glossiphoniidae",0
"945","NWT","GL1","LAKE","GL1_2E","EAST",2018-08-09,"Rhynchobdellida_glossiphoniidae",0
"946","NWT","GL1","LAKE","GL1_3E","EAST",2018-08-09,"Rhynchobdellida_glossiphoniidae",13
"947","NWT","GL1","LAKE","GL1_5W","WEST",2018-08-09,"Rhynchobdellida_glossiphoniidae",1
"948","NWT","GL1","LAKE","GL1_7W","WEST",2018-08-09,"Rhynchobdellida_glossiphoniidae",4
"949","NWT","GL4","WATERFALL","GL4_waterfall_high","NaN",2018-08-07,"Rhynchobdellida_glossiphoniidae",65
"950","NWT","GL4","WATERFALL","GL4_waterfall_low","NaN",2018-08-07,"Rhynchobdellida_glossiphoniidae",5
"951","NWT","ALB_creek","CREEK","ALB_creek_aboveroad","NaN",2018-08-09,"Rhynchobdellida_glossiphoniidae",1
"952","NWT","ALB_creek","CREEK","ALB_creek_aboveroad","NaN",2018-08-09,"Rhynchobdellida_glossiphoniidae",0
"953","NWT","GL4","LAKE","GL4_1E","EAST",2018-08-21,"Rhynchobdellida_glossiphoniidae",1
"954","NWT","GL4","INLET","GL4_3IN","NaN",2018-08-21,"Rhynchobdellida_glossiphoniidae",38
"955","NWT","GL4","LAKE","GL4_5W","WEST",2018-08-21,"Rhynchobdellida_glossiphoniidae",0
"956","NWT","GL4","OUTLET","GL4_6OUT","NaN",2018-08-21,"Rhynchobdellida_glossiphoniidae",22
"957","NWT","GL4","LAKE","GL4_2E","EAST",2018-08-23,"Rhynchobdellida_glossiphoniidae",0
"958","NWT","GL4","LAKE","GL4_4W","WEST",2018-08-23,"Rhynchobdellida_glossiphoniidae",1
"959","NWT","GL4","WATERFALL","GL4_waterfall_high","NaN",2018-08-23,"Rhynchobdellida_glossiphoniidae",63
"960","NWT","GL4","WATERFALL","GL4_waterfall_low","NaN",2018-08-23,"Rhynchobdellida_glossiphoniidae",10
